板块名称,主力资金净流入(亿),时间,趋势
BC电池,17.81,2026-05-14,↑ 净流入
TOPCon电池,13.09,2026-05-14,↑ 净流入
HJT电池,12.20,2026-05-14,↑ 净流入
激光雷达,11.26,2026-05-14,↑ 净流入
光伏电池组件,11.07,2026-05-14,↑ 净流入
光伏发电,10.02,2026-05-14,↑ 净流入
晶科科技,9.46,2026-05-14,↑ 净流入
钙钛矿电池,9.02,2026-05-14,↑ 净流入
地摊经济,8.77,2026-05-14,↑ 净流入
猪肉概念,8.72,2026-05-14,↑ 净流入
环氧丙烷,8.19,2026-05-14,↑ 净流入
光伏加工设备,7.87,2026-05-14,↑ 净流入
养殖业,7.27,2026-05-14,↑ 净流入
生猪养殖,7.16,2026-05-14,↑ 净流入
氦气概念,7.12,2026-05-14,↑ 净流入
永鼎股份,7.02,2026-05-14,↑ 净流入
碳基材料,6.52,2026-05-14,↑ 净流入
其他化学制品,5.88,2026-05-14,↑ 净流入
双良节能,4.97,2026-05-14,↑ 净流入
AI手机,4.88,2026-05-14,↑ 净流入
聚氨酯,4.71,2026-05-14,↑ 净流入
三安光电,4.65,2026-05-14,↑ 净流入
中天科技,4.23,2026-05-14,↑ 净流入
国有大型银行Ⅲ,4.16,2026-05-14,↑ 净流入
共进股份,3.90,2026-05-14,↑ 净流入
株冶集团,3.84,2026-05-14,↑ 净流入
植物照明,3.82,2026-05-14,↑ 净流入
航运,3.62,2026-05-14,↑ 净流入
光伏设备,3.61,2026-05-14,↑ 净流入
银行,3.54,2026-05-14,↑ 净流入
银行Ⅱ,3.54,2026-05-14,↑ 净流入
EDA概念,3.47,2026-05-14,↑ 净流入
电信运营商,3.47,2026-05-14,↑ 净流入
中国石油,3.42,2026-05-14,↑ 净流入
京运通,3.40,2026-05-14,↑ 净流入
铅锌,3.14,2026-05-14,↑ 净流入
招商南油,3.01,2026-05-14,↑ 净流入
光伏辅材,2.96,2026-05-14,↑ 净流入
化学制品,2.85,2026-05-14,↑ 净流入
航运港口,2.78,2026-05-14,↑ 净流入
天富能源,2.74,2026-05-14,↑ 净流入
硅料硅片,2.61,2026-05-14,↑ 净流入
其他专用设备,2.61,2026-05-14,↑ 净流入
煤化工,2.51,2026-05-14,↑ 净流入
空调,2.38,2026-05-14,↑ 净流入
中远海控,2.36,2026-05-14,↑ 净流入
退税商店,2.35,2026-05-14,↑ 净流入
豫光金铅,2.34,2026-05-14,↑ 净流入
白色家电,2.28,2026-05-14,↑ 净流入
鸡肉概念,2.18,2026-05-14,↑ 净流入
涪陵电力,2.18,2026-05-14,↑ 净流入
软饮料,2.17,2026-05-14,↑ 净流入
小商品城,2.16,2026-05-14,↑ 净流入
耐火材料,2.03,2026-05-14,↑ 净流入
饮料乳品,1.86,2026-05-14,↑ 净流入
有研新材,1.84,2026-05-14,↑ 净流入
先导基电,1.83,2026-05-14,↑ 净流入
华康股份,1.83,2026-05-14,↑ 净流入
城商行Ⅲ,1.82,2026-05-14,↑ 净流入
华正新材,1.74,2026-05-14,↑ 净流入
津药药业,1.68,2026-05-14,↑ 净流入
东方证券,1.66,2026-05-14,↑ 净流入
华光环能,1.63,2026-05-14,↑ 净流入
减速器,1.62,2026-05-14,↑ 净流入
中国电信,1.61,2026-05-14,↑ 净流入
永和股份,1.58,2026-05-14,↑ 净流入
红利破净股,1.52,2026-05-14,↑ 净流入
LED,1.50,2026-05-14,↑ 净流入
弘元绿能,1.49,2026-05-14,↑ 净流入
农业银行,1.49,2026-05-14,↑ 净流入
金牛化工,1.46,2026-05-14,↑ 净流入
中国神华,1.43,2026-05-14,↑ 净流入
工商银行,1.39,2026-05-14,↑ 净流入
一般零售,1.30,2026-05-14,↑ 净流入
品牌消费电子,1.24,2026-05-14,↑ 净流入
养元饮品,1.22,2026-05-14,↑ 净流入
宝丰能源,1.21,2026-05-14,↑ 净流入
期货,1.20,2026-05-14,↑ 净流入
上海银行,1.18,2026-05-14,↑ 净流入
宁夏建材,1.13,2026-05-14,↑ 净流入
华懋科技,1.12,2026-05-14,↑ 净流入
贵州燃气,1.09,2026-05-14,↑ 净流入
商业物业经营,1.06,2026-05-14,↑ 净流入
长寿药,1.06,2026-05-14,↑ 净流入
交通银行,1.03,2026-05-14,↑ 净流入
食品及饲料添加剂,1.02,2026-05-14,↑ 净流入
旭光电子,1.00,2026-05-14,↑ 净流入
有机硅,1.00,2026-05-14,↑ 净流入
燃气Ⅲ,0.98,2026-05-14,↑ 净流入
燃气Ⅱ,0.98,2026-05-14,↑ 净流入
中国联通,0.96,2026-05-14,↑ 净流入
成品家居,0.96,2026-05-14,↑ 净流入
宏昌电子,0.95,2026-05-14,↑ 净流入
水泥制品,0.94,2026-05-14,↑ 净流入
可川科技,0.92,2026-05-14,↑ 净流入
中国移动,0.90,2026-05-14,↑ 净流入
炼油化工,0.88,2026-05-14,↑ 净流入
赛腾股份,0.87,2026-05-14,↑ 净流入
中持股份,0.86,2026-05-14,↑ 净流入
南华期货,0.86,2026-05-14,↑ 净流入
东鹏饮料,0.84,2026-05-14,↑ 净流入
苏博特,0.80,2026-05-14,↑ 净流入
至纯科技,0.76,2026-05-14,↑ 净流入
春秋电子,0.76,2026-05-14,↑ 净流入
中国中免,0.75,2026-05-14,↑ 净流入
宁波中百,0.75,2026-05-14,↑ 净流入
博威合金,0.72,2026-05-14,↑ 净流入
麒盛科技,0.71,2026-05-14,↑ 净流入
新泉股份,0.70,2026-05-14,↑ 净流入
旅游零售Ⅲ,0.69,2026-05-14,↑ 净流入
旅游零售Ⅱ,0.69,2026-05-14,↑ 净流入
凌云股份,0.68,2026-05-14,↑ 净流入
非白酒,0.67,2026-05-14,↑ 净流入
其他酒类,0.67,2026-05-14,↑ 净流入
千里科技,0.67,2026-05-14,↑ 净流入
中国汽研,0.66,2026-05-14,↑ 净流入
金田股份,0.66,2026-05-14,↑ 净流入
司太立,0.66,2026-05-14,↑ 净流入
君正集团,0.65,2026-05-14,↑ 净流入
举牌,0.65,2026-05-14,↑ 净流入
华夏银行,0.65,2026-05-14,↑ 净流入
晶方科技,0.64,2026-05-14,↑ 净流入
耀皮玻璃,0.64,2026-05-14,↑ 净流入
百傲化学,0.63,2026-05-14,↑ 净流入
国际工程,0.63,2026-05-14,↑ 净流入
氮化镓,0.61,2026-05-14,↑ 净流入
家居用品,0.60,2026-05-14,↑ 净流入
宏柏新材,0.59,2026-05-14,↑ 净流入
天域生物,0.58,2026-05-14,↑ 净流入
湘财股份,0.58,2026-05-14,↑ 净流入
纯碱,0.56,2026-05-14,↑ 净流入
圣龙股份,0.56,2026-05-14,↑ 净流入
北自科技,0.56,2026-05-14,↑ 净流入
安德利,0.56,2026-05-14,↑ 净流入
凯盛科技,0.54,2026-05-14,↑ 净流入
涂料油墨,0.53,2026-05-14,↑ 净流入
水产饲料,0.52,2026-05-14,↑ 净流入
新宏泰,0.48,2026-05-14,↑ 净流入
龙高股份,0.48,2026-05-14,↑ 净流入
其他运输设备,0.47,2026-05-14,↑ 净流入
衢州发展,0.47,2026-05-14,↑ 净流入
晨光新材,0.46,2026-05-14,↑ 净流入
摩托车及其他,0.46,2026-05-14,↑ 净流入
圣晖集成,0.45,2026-05-14,↑ 净流入
神农集团,0.45,2026-05-14,↑ 净流入
宝钢股份,0.45,2026-05-14,↑ 净流入
饲料,0.45,2026-05-14,↑ 净流入
博敏电子,0.44,2026-05-14,↑ 净流入
东方材料,0.44,2026-05-14,↑ 净流入
驰宏锌锗,0.43,2026-05-14,↑ 净流入
晶华新材,0.43,2026-05-14,↑ 净流入
工业气体,0.43,2026-05-14,↑ 净流入
日盈电子,0.42,2026-05-14,↑ 净流入
恒立液压,0.42,2026-05-14,↑ 净流入
邮储银行,0.42,2026-05-14,↑ 净流入
跨境物流,0.41,2026-05-14,↑ 净流入
塑料包装,0.41,2026-05-14,↑ 净流入
腾龙股份,0.40,2026-05-14,↑ 净流入
炼化及贸易,0.39,2026-05-14,↑ 净流入
今世缘,0.39,2026-05-14,↑ 净流入
瓷砖地板,0.38,2026-05-14,↑ 净流入
华体科技,0.37,2026-05-14,↑ 净流入
肉鸡养殖,0.37,2026-05-14,↑ 净流入
永安期货,0.37,2026-05-14,↑ 净流入
南京银行,0.37,2026-05-14,↑ 净流入
建设银行,0.36,2026-05-14,↑ 净流入
星德胜,0.36,2026-05-14,↑ 净流入
中远海发,0.36,2026-05-14,↑ 净流入
三友化工,0.36,2026-05-14,↑ 净流入
嵘泰股份,0.35,2026-05-14,↑ 净流入
海星股份,0.35,2026-05-14,↑ 净流入
其他自动化设备,0.34,2026-05-14,↑ 净流入
继峰股份,0.34,2026-05-14,↑ 净流入
光电股份,0.34,2026-05-14,↑ 净流入
沧州大化,0.33,2026-05-14,↑ 净流入
齐鲁银行,0.33,2026-05-14,↑ 净流入
中国中车,0.33,2026-05-14,↑ 净流入
联环药业,0.33,2026-05-14,↑ 净流入
氨纶,0.31,2026-05-14,↑ 净流入
晋拓股份,0.31,2026-05-14,↑ 净流入
浙能电力,0.30,2026-05-14,↑ 净流入
三江购物,0.29,2026-05-14,↑ 净流入
巨星农牧,0.29,2026-05-14,↑ 净流入
用友网络,0.29,2026-05-14,↑ 净流入
畜禽饲料,0.29,2026-05-14,↑ 净流入
福达合金,0.28,2026-05-14,↑ 净流入
金种子酒,0.28,2026-05-14,↑ 净流入
来伊份,0.27,2026-05-14,↑ 净流入
百货,0.27,2026-05-14,↑ 净流入
古越龙山,0.27,2026-05-14,↑ 净流入
中体产业,0.27,2026-05-14,↑ 净流入
上海临港,0.27,2026-05-14,↑ 净流入
中国科传,0.27,2026-05-14,↑ 净流入
华升股份,0.27,2026-05-14,↑ 净流入
ST中路,0.27,2026-05-14,↑ 净流入
键邦股份,0.26,2026-05-14,↑ 净流入
花王股份,0.26,2026-05-14,↑ 净流入
永新光学,0.26,2026-05-14,↑ 净流入
贵广网络,0.26,2026-05-14,↑ 净流入
韩建河山,0.25,2026-05-14,↑ 净流入
福能股份,0.25,2026-05-14,↑ 净流入
绿色动力,0.25,2026-05-14,↑ 净流入
国新能源,0.25,2026-05-14,↑ 净流入
重庆银行,0.25,2026-05-14,↑ 净流入
华新建材,0.24,2026-05-14,↑ 净流入
江南新材,0.24,2026-05-14,↑ 净流入
亨通股份,0.24,2026-05-14,↑ 净流入
*ST高科,0.23,2026-05-14,↑ 净流入
九丰能源,0.23,2026-05-14,↑ 净流入
安井食品,0.23,2026-05-14,↑ 净流入
三人行,0.23,2026-05-14,↑ 净流入
中视传媒,0.23,2026-05-14,↑ 净流入
华能水电,0.22,2026-05-14,↑ 净流入
太龙药业,0.22,2026-05-14,↑ 净流入
天成自控,0.21,2026-05-14,↑ 净流入
百合花,0.21,2026-05-14,↑ 净流入
广东明珠,0.21,2026-05-14,↑ 净流入
会稽山,0.21,2026-05-14,↑ 净流入
ST喜临门,0.21,2026-05-14,↑ 净流入
铁流股份,0.21,2026-05-14,↑ 净流入
深圳燃气,0.21,2026-05-14,↑ 净流入
雅运股份,0.21,2026-05-14,↑ 净流入
岱美股份,0.20,2026-05-14,↑ 净流入
中材国际,0.20,2026-05-14,↑ 净流入
中远海特,0.20,2026-05-14,↑ 净流入
金徽酒,0.20,2026-05-14,↑ 净流入
上实发展,0.20,2026-05-14,↑ 净流入
济川药业,0.19,2026-05-14,↑ 净流入
华通线缆,0.19,2026-05-14,↑ 净流入
必得科技,0.19,2026-05-14,↑ 净流入
通威股份,0.19,2026-05-14,↑ 净流入
氯碱,0.19,2026-05-14,↑ 净流入
哈森股份,0.19,2026-05-14,↑ 净流入
新赛股份,0.18,2026-05-14,↑ 净流入
羚锐制药,0.18,2026-05-14,↑ 净流入
江苏银行,0.18,2026-05-14,↑ 净流入
超颖电子,0.18,2026-05-14,↑ 净流入
福田汽车,0.18,2026-05-14,↑ 净流入
百联股份,0.18,2026-05-14,↑ 净流入
歌华有线,0.17,2026-05-14,↑ 净流入
麦迪科技,0.17,2026-05-14,↑ 净流入
水泥,0.17,2026-05-14,↑ 净流入
红豆股份,0.17,2026-05-14,↑ 净流入
百达精工,0.17,2026-05-14,↑ 净流入
华之杰,0.17,2026-05-14,↑ 净流入
宁波海运,0.17,2026-05-14,↑ 净流入
华荣股份,0.16,2026-05-14,↑ 净流入
京能置业,0.16,2026-05-14,↑ 净流入
体育Ⅲ,0.16,2026-05-14,↑ 净流入
体育Ⅱ,0.16,2026-05-14,↑ 净流入
肯特催化,0.16,2026-05-14,↑ 净流入
云维股份,0.16,2026-05-14,↑ 净流入
常青科技,0.16,2026-05-14,↑ 净流入
浙江医药,0.16,2026-05-14,↑ 净流入
舍得酒业,0.16,2026-05-14,↑ 净流入
方大特钢,0.16,2026-05-14,↑ 净流入
保健品,0.15,2026-05-14,↑ 净流入
同力天启,0.15,2026-05-14,↑ 净流入
祥龙电业,0.15,2026-05-14,↑ 净流入
盛景微,0.15,2026-05-14,↑ 净流入
新疆火炬,0.15,2026-05-14,↑ 净流入
滨化股份,0.15,2026-05-14,↑ 净流入
浦发银行,0.15,2026-05-14,↑ 净流入
明泰铝业,0.15,2026-05-14,↑ 净流入
凯盛新能,0.15,2026-05-14,↑ 净流入
长城电工,0.15,2026-05-14,↑ 净流入
重庆啤酒,0.14,2026-05-14,↑ 净流入
锦和商管,0.14,2026-05-14,↑ 净流入
淮北矿业,0.14,2026-05-14,↑ 净流入
天津港,0.14,2026-05-14,↑ 净流入
贵阳银行,0.14,2026-05-14,↑ 净流入
迎驾贡酒,0.14,2026-05-14,↑ 净流入
华勤技术,0.14,2026-05-14,↑ 净流入
建业股份,0.14,2026-05-14,↑ 净流入
永茂泰,0.13,2026-05-14,↑ 净流入
江苏索普,0.13,2026-05-14,↑ 净流入
青岛啤酒,0.13,2026-05-14,↑ 净流入
廊坊发展,0.13,2026-05-14,↑ 净流入
新集能源,0.13,2026-05-14,↑ 净流入
赛轮轮胎,0.13,2026-05-14,↑ 净流入
工控设备,0.12,2026-05-14,↑ 净流入
永杰新材,0.12,2026-05-14,↑ 净流入
亿嘉和,0.12,2026-05-14,↑ 净流入
万盛股份,0.12,2026-05-14,↑ 净流入
皇马科技,0.12,2026-05-14,↑ 净流入
中信银行,0.11,2026-05-14,↑ 净流入
文化用品,0.11,2026-05-14,↑ 净流入
农业综合Ⅲ,0.11,2026-05-14,↑ 净流入
农业综合Ⅱ,0.11,2026-05-14,↑ 净流入
厦门银行,0.11,2026-05-14,↑ 净流入
勘设股份,0.11,2026-05-14,↑ 净流入
安邦护卫,0.11,2026-05-14,↑ 净流入
衢州东峰,0.11,2026-05-14,↑ 净流入
纺织鞋类制造,0.11,2026-05-14,↑ 净流入
塞力医疗,0.11,2026-05-14,↑ 净流入
江化微,0.11,2026-05-14,↑ 净流入
*ST椰岛,0.11,2026-05-14,↑ 净流入
西藏城投,0.11,2026-05-14,↑ 净流入
零食,0.11,2026-05-14,↑ 净流入
安琪酵母,0.11,2026-05-14,↑ 净流入
中国国航,0.11,2026-05-14,↑ 净流入
九牧王,0.10,2026-05-14,↑ 净流入
华培动力,0.10,2026-05-14,↑ 净流入
海汽集团,0.10,2026-05-14,↑ 净流入
华谊集团,0.10,2026-05-14,↑ 净流入
兴业股份,0.10,2026-05-14,↑ 净流入
龙建股份,0.10,2026-05-14,↑ 净流入
北京银行,0.10,2026-05-14,↑ 净流入
长沙银行,0.10,2026-05-14,↑ 净流入
深圳新星,0.10,2026-05-14,↑ 净流入
代糖概念,0.10,2026-05-14,↑ 净流入
宁波高发,0.10,2026-05-14,↑ 净流入
建设机械,0.10,2026-05-14,↑ 净流入
京能电力,0.10,2026-05-14,↑ 净流入
华泰股份,0.10,2026-05-14,↑ 净流入
众源新材,0.09,2026-05-14,↑ 净流入
其他专业服务,0.09,2026-05-14,↑ 净流入
威龙股份,0.09,2026-05-14,↑ 净流入
迪生力,0.09,2026-05-14,↑ 净流入
水产概念,0.09,2026-05-14,↑ 净流入
汇通能源,0.09,2026-05-14,↑ 净流入
三美股份,0.09,2026-05-14,↑ 净流入
中毅达,0.09,2026-05-14,↑ 净流入
洪通燃气,0.09,2026-05-14,↑ 净流入
国药股份,0.09,2026-05-14,↑ 净流入
*ST原尚,0.09,2026-05-14,↑ 净流入
浙数文化,0.09,2026-05-14,↑ 净流入
瀚蓝环境,0.09,2026-05-14,↑ 净流入
悦达投资,0.09,2026-05-14,↑ 净流入
广誉远,0.08,2026-05-14,↑ 净流入
海油发展,0.08,2026-05-14,↑ 净流入
跨境电商,0.08,2026-05-14,↑ 净流入
浦东金桥,0.08,2026-05-14,↑ 净流入
千禾味业,0.08,2026-05-14,↑ 净流入
中文传媒,0.08,2026-05-14,↑ 净流入
辽宁成大,0.08,2026-05-14,↑ 净流入
华发股份,0.08,2026-05-14,↑ 净流入
净水概念,0.08,2026-05-14,↑ 净流入
长春燃气,0.08,2026-05-14,↑ 净流入
涂料,0.08,2026-05-14,↑ 净流入
新亚强,0.08,2026-05-14,↑ 净流入
迪贝电气,0.08,2026-05-14,↑ 净流入
水井坊,0.08,2026-05-14,↑ 净流入
元利科技,0.08,2026-05-14,↑ 净流入
海欣股份,0.08,2026-05-14,↑ 净流入
益丰药房,0.08,2026-05-14,↑ 净流入
红蜻蜓,0.08,2026-05-14,↑ 净流入
永辉超市,0.07,2026-05-14,↑ 净流入
健麾信息,0.07,2026-05-14,↑ 净流入
雪峰科技,0.07,2026-05-14,↑ 净流入
燃料电池,0.07,2026-05-14,↑ 净流入
新五丰,0.07,2026-05-14,↑ 净流入
中炬高新,0.07,2026-05-14,↑ 净流入
嘉诚国际,0.07,2026-05-14,↑ 净流入
天安新材,0.07,2026-05-14,↑ 净流入
*ST新潮,0.07,2026-05-14,↑ 净流入
上海石化,0.07,2026-05-14,↑ 净流入
华润江中,0.07,2026-05-14,↑ 净流入
妙可蓝多,0.07,2026-05-14,↑ 净流入
隆鑫通用,0.06,2026-05-14,↑ 净流入
ST信通,0.06,2026-05-14,↑ 净流入
中马传动,0.06,2026-05-14,↑ 净流入
长龄液压,0.06,2026-05-14,↑ 净流入
中创智领,0.06,2026-05-14,↑ 净流入
恒通股份,0.06,2026-05-14,↑ 净流入
管材,0.06,2026-05-14,↑ 净流入
ST东尼,0.06,2026-05-14,↑ 净流入
ST标准,0.06,2026-05-14,↑ 净流入
华贸物流,0.06,2026-05-14,↑ 净流入
浙江仙通,0.06,2026-05-14,↑ 净流入
雅戈尔,0.06,2026-05-14,↑ 净流入
新天然气,0.06,2026-05-14,↑ 净流入
三棵树,0.06,2026-05-14,↑ 净流入
中重科技,0.06,2026-05-14,↑ 净流入
思维列控,0.06,2026-05-14,↑ 净流入
比依股份,0.06,2026-05-14,↑ 净流入
鸿远电子,0.06,2026-05-14,↑ 净流入
龙江交通,0.06,2026-05-14,↑ 净流入
杭州解百,0.06,2026-05-14,↑ 净流入
公牛集团,0.06,2026-05-14,↑ 净流入
*ST利达,0.06,2026-05-14,↑ 净流入
常熟银行,0.05,2026-05-14,↑ 净流入
金辰股份,0.05,2026-05-14,↑ 净流入
家家悦,0.05,2026-05-14,↑ 净流入
济民健康,0.05,2026-05-14,↑ 净流入
迎丰股份,0.05,2026-05-14,↑ 净流入
光大银行,0.05,2026-05-14,↑ 净流入
交大昂立,0.05,2026-05-14,↑ 净流入
广日股份,0.05,2026-05-14,↑ 净流入
旗滨集团,0.05,2026-05-14,↑ 净流入
盛剑科技,0.05,2026-05-14,↑ 净流入
其他饰品,0.05,2026-05-14,↑ 净流入
梦天家居,0.05,2026-05-14,↑ 净流入
ST新华锦,0.05,2026-05-14,↑ 净流入
*ST集友,0.05,2026-05-14,↑ 净流入
广安爱众,0.05,2026-05-14,↑ 净流入
诺邦股份,0.05,2026-05-14,↑ 净流入
万朗磁塑,0.05,2026-05-14,↑ 净流入
时代新材,0.05,2026-05-14,↑ 净流入
皖天然气,0.05,2026-05-14,↑ 净流入
凯众股份,0.04,2026-05-14,↑ 净流入
连云港,0.04,2026-05-14,↑ 净流入
马钢股份,0.04,2026-05-14,↑ 净流入
东亚药业,0.04,2026-05-14,↑ 净流入
ST长园,0.04,2026-05-14,↑ 净流入
康惠股份,0.04,2026-05-14,↑ 净流入
东宏股份,0.04,2026-05-14,↑ 净流入
宇通重工,0.04,2026-05-14,↑ 净流入
沃格光电,0.04,2026-05-14,↑ 净流入
天和磁材,0.04,2026-05-14,↑ 净流入
铁龙物流,0.04,2026-05-14,↑ 净流入
广州港,0.04,2026-05-14,↑ 净流入
弘讯科技,0.04,2026-05-14,↑ 净流入
大西洋,0.04,2026-05-14,↑ 净流入
上海能源,0.04,2026-05-14,↑ 净流入
天地源,0.04,2026-05-14,↑ 净流入
老白干酒,0.04,2026-05-14,↑ 净流入
中恒集团,0.04,2026-05-14,↑ 净流入
南京医药,0.04,2026-05-14,↑ 净流入
新奥股份,0.03,2026-05-14,↑ 净流入
兰生股份,0.03,2026-05-14,↑ 净流入
ST绝味,0.03,2026-05-14,↑ 净流入
威尔药业,0.03,2026-05-14,↑ 净流入
伊力特,0.03,2026-05-14,↑ 净流入
兴通股份,0.03,2026-05-14,↑ 净流入
赤天化,0.03,2026-05-14,↑ 净流入
海天精工,0.03,2026-05-14,↑ 净流入
京沪高铁,0.03,2026-05-14,↑ 净流入
镇海股份,0.03,2026-05-14,↑ 净流入
天宸股份,0.03,2026-05-14,↑ 净流入
禾丰股份,0.03,2026-05-14,↑ 净流入
东湖高新,0.03,2026-05-14,↑ 净流入
水星家纺,0.03,2026-05-14,↑ 净流入
福耀玻璃,0.03,2026-05-14,↑ 净流入
江淮汽车,0.03,2026-05-14,↑ 净流入
烘焙食品,0.03,2026-05-14,↑ 净流入
金桥信息,0.03,2026-05-14,↑ 净流入
会展服务,0.03,2026-05-14,↑ 净流入
万里股份,0.03,2026-05-14,↑ 净流入
康缘药业,0.03,2026-05-14,↑ 净流入
海程邦达,0.03,2026-05-14,↑ 净流入
山东钢铁,0.03,2026-05-14,↑ 净流入
*ST华鹏,0.03,2026-05-14,↑ 净流入
噪声防治,0.03,2026-05-14,↑ 净流入
海容冷链,0.03,2026-05-14,↑ 净流入
我乐家居,0.03,2026-05-14,↑ 净流入
氯碱化工,0.03,2026-05-14,↑ 净流入
博闻科技,0.03,2026-05-14,↑ 净流入
浪莎股份,0.03,2026-05-14,↑ 净流入
好当家,0.03,2026-05-14,↑ 净流入
醋化股份,0.03,2026-05-14,↑ 净流入
*ST春天,0.03,2026-05-14,↑ 净流入
海天味业,0.03,2026-05-14,↑ 净流入
南方传媒,0.03,2026-05-14,↑ 净流入
苏豪汇鸿,0.03,2026-05-14,↑ 净流入
胶黏剂及胶带,0.03,2026-05-14,↑ 净流入
片仔癀,0.03,2026-05-14,↑ 净流入
祥源文旅,0.03,2026-05-14,↑ 净流入
晋控煤业,0.02,2026-05-14,↑ 净流入
疫苗,0.02,2026-05-14,↑ 净流入
多业态零售,0.02,2026-05-14,↑ 净流入
ST金花,0.02,2026-05-14,↑ 净流入
ST美克,0.02,2026-05-14,↑ 净流入
恒盛能源,0.02,2026-05-14,↑ 净流入
*ST联翔,0.02,2026-05-14,↑ 净流入
新华百货,0.02,2026-05-14,↑ 净流入
肉制品,0.02,2026-05-14,↑ 净流入
健尔康,0.02,2026-05-14,↑ 净流入
振德医疗,0.02,2026-05-14,↑ 净流入
申通地铁,0.02,2026-05-14,↑ 净流入
建霖家居,0.02,2026-05-14,↑ 净流入
永臻股份,0.02,2026-05-14,↑ 净流入
中煤能源,0.02,2026-05-14,↑ 净流入
得邦照明,0.02,2026-05-14,↑ 净流入
万东医疗,0.02,2026-05-14,↑ 净流入
南都物业,0.02,2026-05-14,↑ 净流入
中孚实业,0.02,2026-05-14,↑ 净流入
*ST亚士,0.02,2026-05-14,↑ 净流入
常润股份,0.02,2026-05-14,↑ 净流入
口子窖,0.02,2026-05-14,↑ 净流入
明新旭腾,0.02,2026-05-14,↑ 净流入
香飘飘,0.02,2026-05-14,↑ 净流入
广信股份,0.02,2026-05-14,↑ 净流入
江山欧派,0.02,2026-05-14,↑ 净流入
鄂尔多斯,0.02,2026-05-14,↑ 净流入
中央商场,0.02,2026-05-14,↑ 净流入
盘江股份,0.02,2026-05-14,↑ 净流入
宁水集团,0.02,2026-05-14,↑ 净流入
休闲食品,0.02,2026-05-14,↑ 净流入
外服控股,0.02,2026-05-14,↑ 净流入
纵横通信,0.02,2026-05-14,↑ 净流入
梦百合,0.02,2026-05-14,↑ 净流入
卫信康,0.02,2026-05-14,↑ 净流入
国芳集团,0.02,2026-05-14,↑ 净流入
长华集团,0.02,2026-05-14,↑ 净流入
上海物贸,0.02,2026-05-14,↑ 净流入
炭黑,0.02,2026-05-14,↑ 净流入
成都燃气,0.02,2026-05-14,↑ 净流入
南京高科,0.02,2026-05-14,↑ 净流入
西安银行,0.02,2026-05-14,↑ 净流入
深高速,0.01,2026-05-14,↑ 净流入
线下药店,0.01,2026-05-14,↑ 净流入
光明肉业,0.01,2026-05-14,↑ 净流入
ST龙韵,0.01,2026-05-14,↑ 净流入
汇金通,0.01,2026-05-14,↑ 净流入
*ST四通,0.01,2026-05-14,↑ 净流入
有友食品,0.01,2026-05-14,↑ 净流入
京华激光,0.01,2026-05-14,↑ 净流入
*ST三房,0.01,2026-05-14,↑ 净流入
瑞丰银行,0.01,2026-05-14,↑ 净流入
山西焦化,0.01,2026-05-14,↑ 净流入
春雪食品,0.01,2026-05-14,↑ 净流入
龙旗科技,0.01,2026-05-14,↑ 净流入
冠石科技,0.01,2026-05-14,↑ 净流入
一鸣食品,0.01,2026-05-14,↑ 净流入
惠而浦,0.01,2026-05-14,↑ 净流入
乐惠国际,0.01,2026-05-14,↑ 净流入
南卫股份,0.01,2026-05-14,↑ 净流入
凤竹纺织,0.01,2026-05-14,↑ 净流入
泉阳泉,0.01,2026-05-14,↑ 净流入
锦江航运,0.01,2026-05-14,↑ 净流入
物产环能,0.01,2026-05-14,↑ 净流入
*ST网达,0.01,2026-05-14,↑ 净流入
新炬网络,0.01,2026-05-14,↑ 净流入
天鹅股份,0.01,2026-05-14,↑ 净流入
味知香,0.01,2026-05-14,↑ 净流入
中公高科,0.01,2026-05-14,↑ 净流入
云煤能源,0.01,2026-05-14,↑ 净流入
ST复华,0.01,2026-05-14,↑ 净流入
宁沪高速,0.01,2026-05-14,↑ 净流入
三力制药,0.01,2026-05-14,↑ 净流入
永艺股份,0.01,2026-05-14,↑ 净流入
上海雅仕,0.01,2026-05-14,↑ 净流入
利群股份,0.01,2026-05-14,↑ 净流入
啤酒,0.01,2026-05-14,↑ 净流入
好莱客,0.01,2026-05-14,↑ 净流入
惠达卫浴,0.01,2026-05-14,↑ 净流入
莱绅通灵,0.01,2026-05-14,↑ 净流入
爱婴室,0.01,2026-05-14,↑ 净流入
欧亚集团,0.01,2026-05-14,↑ 净流入
国药现代,0.01,2026-05-14,↑ 净流入
新经典,0.01,2026-05-14,↑ 净流入
岳阳林纸,0.01,2026-05-14,↑ 净流入
乐凯胶片,0.01,2026-05-14,↑ 净流入
上海凤凰,0.00,2026-05-14,↓ 净流出
浙江黎明,0.00,2026-05-14,↓ 净流出
四方科技,0.00,2026-05-14,↓ 净流出
新天绿能,0.00,2026-05-14,↓ 净流出
康尼机电,0.00,2026-05-14,↓ 净流出
首旅酒店,0.00,2026-05-14,↓ 净流出
*ST立航,0.00,2026-05-14,↓ 净流出
凤凰股份,0.00,2026-05-14,↓ 净流出
建发合诚,0.00,2026-05-14,↓ 净流出
金牌家居,0.00,2026-05-14,↓ 净流出
锦泓集团,0.00,2026-05-14,↓ 净流出
惠发食品,0.00,2026-05-14,↓ 净流出
牧高笛,0.00,2026-05-14,↓ 净流出
皖新传媒,0.00,2026-05-14,↓ 净流出
彩蝶实业,0.00,2026-05-14,↓ 净流出
ST文峰,0.00,2026-05-14,↓ 净流出
健之佳,0.00,2026-05-14,↓ 净流出
李子园,0.00,2026-05-14,↓ 净流出
瑞贝卡,0.00,2026-05-14,↓ 净流出
威帝股份,0.00,2026-05-14,↓ 净流出
北方股份,0.00,2026-05-14,↓ 净流出
苏农银行,0.00,2026-05-14,↓ 净流出
金自天正,0.00,2026-05-14,↓ 净流出
安正时尚,-0.00,2026-05-14,↓ 净流出
拱东医疗,-0.00,2026-05-14,↓ 净流出
恒顺醋业,-0.00,2026-05-14,↓ 净流出
爱丽家居,-0.00,2026-05-14,↓ 净流出
欧普照明,-0.00,2026-05-14,↓ 净流出
ST云城,-0.00,2026-05-14,↓ 净流出
国脉文化,-0.00,2026-05-14,↓ 净流出
华菱精工,-0.00,2026-05-14,↓ 净流出
望变电气,-0.00,2026-05-14,↓ 净流出
ST金顶,-0.00,2026-05-14,↓ 净流出
国发股份,-0.00,2026-05-14,↓ 净流出
紫江企业,-0.00,2026-05-14,↓ 净流出
扬州金泉,-0.00,2026-05-14,↓ 净流出
确成股份,-0.00,2026-05-14,↓ 净流出
*ST瑞茂,-0.00,2026-05-14,↓ 净流出
三角轮胎,-0.00,2026-05-14,↓ 净流出
永冠新材,-0.00,2026-05-14,↓ 净流出
华鼎股份,-0.00,2026-05-14,↓ 净流出
苏盐井神,-0.00,2026-05-14,↓ 净流出
五芳斋,-0.00,2026-05-14,↓ 净流出
其他能源发电,-0.00,2026-05-14,↓ 净流出
桃李面包,-0.00,2026-05-14,↓ 净流出
宁波远洋,-0.00,2026-05-14,↓ 净流出
重庆港,-0.00,2026-05-14,↓ 净流出
京城股份,-0.00,2026-05-14,↓ 净流出
佳禾食品,-0.00,2026-05-14,↓ 净流出
百合股份,-0.00,2026-05-14,↓ 净流出
长鸿高科,-0.00,2026-05-14,↓ 净流出
郑州煤电,-0.00,2026-05-14,↓ 净流出
*ST莫高,-0.00,2026-05-14,↓ 净流出
第一医药,-0.00,2026-05-14,↓ 净流出
厨房电器,-0.00,2026-05-14,↓ 净流出
*ST尔雅,-0.00,2026-05-14,↓ 净流出
银都股份,-0.00,2026-05-14,↓ 净流出
绿田机械,-0.00,2026-05-14,↓ 净流出
神马股份,-0.01,2026-05-14,↓ 净流出
技源集团,-0.01,2026-05-14,↓ 净流出
天洋新材,-0.01,2026-05-14,↓ 净流出
新通联,-0.01,2026-05-14,↓ 净流出
航民股份,-0.01,2026-05-14,↓ 净流出
哈空调,-0.01,2026-05-14,↓ 净流出
亚光股份,-0.01,2026-05-14,↓ 净流出
天龙股份,-0.01,2026-05-14,↓ 净流出
文投控股,-0.01,2026-05-14,↓ 净流出
福莱蒽特,-0.01,2026-05-14,↓ 净流出
六国化工,-0.01,2026-05-14,↓ 净流出
热威股份,-0.01,2026-05-14,↓ 净流出
步长制药,-0.01,2026-05-14,↓ 净流出
渤海轮渡,-0.01,2026-05-14,↓ 净流出
华阳新材,-0.01,2026-05-14,↓ 净流出
上海建科,-0.01,2026-05-14,↓ 净流出
四川成渝,-0.01,2026-05-14,↓ 净流出
奥普科技,-0.01,2026-05-14,↓ 净流出
南宁百货,-0.01,2026-05-14,↓ 净流出
华生科技,-0.01,2026-05-14,↓ 净流出
巍华新材,-0.01,2026-05-14,↓ 净流出
豫园股份,-0.01,2026-05-14,↓ 净流出
嘉华股份,-0.01,2026-05-14,↓ 净流出
*ST艾艾,-0.01,2026-05-14,↓ 净流出
上海亚虹,-0.01,2026-05-14,↓ 净流出
曙光股份,-0.01,2026-05-14,↓ 净流出
倍加洁,-0.01,2026-05-14,↓ 净流出
威奥股份,-0.01,2026-05-14,↓ 净流出
上海汽配,-0.01,2026-05-14,↓ 净流出
无锡银行,-0.01,2026-05-14,↓ 净流出
神奇制药,-0.01,2026-05-14,↓ 净流出
莎普爱思,-0.01,2026-05-14,↓ 净流出
元祖股份,-0.01,2026-05-14,↓ 净流出
丸美生物,-0.01,2026-05-14,↓ 净流出
设计总院,-0.01,2026-05-14,↓ 净流出
浙江鼎力,-0.01,2026-05-14,↓ 净流出
太平鸟,-0.01,2026-05-14,↓ 净流出
利柏特,-0.01,2026-05-14,↓ 净流出
ST东时,-0.01,2026-05-14,↓ 净流出
梅轮电梯,-0.01,2026-05-14,↓ 净流出
皖通高速,-0.01,2026-05-14,↓ 净流出
摩托车,-0.01,2026-05-14,↓ 净流出
苏州龙杰,-0.01,2026-05-14,↓ 净流出
曲江文旅,-0.01,2026-05-14,↓ 净流出
恒尚节能,-0.01,2026-05-14,↓ 净流出
飞科电器,-0.01,2026-05-14,↓ 净流出
*ST星农,-0.01,2026-05-14,↓ 净流出
宁波联合,-0.01,2026-05-14,↓ 净流出
华丽家族,-0.01,2026-05-14,↓ 净流出
常青股份,-0.01,2026-05-14,↓ 净流出
四方新材,-0.01,2026-05-14,↓ 净流出
珍宝岛,-0.01,2026-05-14,↓ 净流出
ST智知,-0.01,2026-05-14,↓ 净流出
博通集成,-0.01,2026-05-14,↓ 净流出
蓝天燃气,-0.01,2026-05-14,↓ 净流出
恒兴新材,-0.01,2026-05-14,↓ 净流出
金鹰股份,-0.01,2026-05-14,↓ 净流出
共创草坪,-0.01,2026-05-14,↓ 净流出
长春一东,-0.01,2026-05-14,↓ 净流出
奇精机械,-0.01,2026-05-14,↓ 净流出
恒林股份,-0.01,2026-05-14,↓ 净流出
巴比食品,-0.01,2026-05-14,↓ 净流出
柳钢股份,-0.01,2026-05-14,↓ 净流出
*ST华微,-0.01,2026-05-14,↓ 净流出
西宁特钢,-0.01,2026-05-14,↓ 净流出
博通股份,-0.01,2026-05-14,↓ 净流出
力聚热能,-0.01,2026-05-14,↓ 净流出
江河集团,-0.01,2026-05-14,↓ 净流出
上海三毛,-0.02,2026-05-14,↓ 净流出
汇通集团,-0.02,2026-05-14,↓ 净流出
秦安股份,-0.02,2026-05-14,↓ 净流出
台华新材,-0.02,2026-05-14,↓ 净流出
*ST海利,-0.02,2026-05-14,↓ 净流出
栖霞建设,-0.02,2026-05-14,↓ 净流出
森林包装,-0.02,2026-05-14,↓ 净流出
新华文轩,-0.02,2026-05-14,↓ 净流出
北矿科技,-0.02,2026-05-14,↓ 净流出
重庆建工,-0.02,2026-05-14,↓ 净流出
五洲特纸,-0.02,2026-05-14,↓ 净流出
丽尚国潮,-0.02,2026-05-14,↓ 净流出
宜宾纸业,-0.02,2026-05-14,↓ 净流出
邦基科技,-0.02,2026-05-14,↓ 净流出
镇洋发展,-0.02,2026-05-14,↓ 净流出
万林物流,-0.02,2026-05-14,↓ 净流出
开开实业,-0.02,2026-05-14,↓ 净流出
天创时尚,-0.02,2026-05-14,↓ 净流出
昂立教育,-0.02,2026-05-14,↓ 净流出
黄山旅游,-0.02,2026-05-14,↓ 净流出
*ST九鼎,-0.02,2026-05-14,↓ 净流出
国邦医药,-0.02,2026-05-14,↓ 净流出
ST葫芦娃,-0.02,2026-05-14,↓ 净流出
豪悦护理,-0.02,2026-05-14,↓ 净流出
天新药业,-0.02,2026-05-14,↓ 净流出
陕建股份,-0.02,2026-05-14,↓ 净流出
*ST八钢,-0.02,2026-05-14,↓ 净流出
爱普股份,-0.02,2026-05-14,↓ 净流出
天目湖,-0.02,2026-05-14,↓ 净流出
德创环保,-0.02,2026-05-14,↓ 净流出
浙江龙盛,-0.02,2026-05-14,↓ 净流出
钱江生化,-0.02,2026-05-14,↓ 净流出
光明地产,-0.02,2026-05-14,↓ 净流出
楚天高速,-0.02,2026-05-14,↓ 净流出
联泰环保,-0.02,2026-05-14,↓ 净流出
徕木股份,-0.02,2026-05-14,↓ 净流出
中农立华,-0.02,2026-05-14,↓ 净流出
长江传媒,-0.02,2026-05-14,↓ 净流出
S佳通,-0.02,2026-05-14,↓ 净流出
康德莱,-0.02,2026-05-14,↓ 净流出
汉商集团,-0.02,2026-05-14,↓ 净流出
中化装备,-0.02,2026-05-14,↓ 净流出
新华网,-0.02,2026-05-14,↓ 净流出
津投城开,-0.02,2026-05-14,↓ 净流出
银座股份,-0.02,2026-05-14,↓ 净流出
个护小家电,-0.02,2026-05-14,↓ 净流出
泰禾智能,-0.02,2026-05-14,↓ 净流出
ST华扬,-0.02,2026-05-14,↓ 净流出
外高桥,-0.02,2026-05-14,↓ 净流出
恒丰纸业,-0.02,2026-05-14,↓ 净流出
化妆品制造及其他,-0.02,2026-05-14,↓ 净流出
安迪苏,-0.02,2026-05-14,↓ 净流出
济高发展,-0.02,2026-05-14,↓ 净流出
北巴传媒,-0.02,2026-05-14,↓ 净流出
凤凰传媒,-0.02,2026-05-14,↓ 净流出
苏豪弘业,-0.02,2026-05-14,↓ 净流出
广电网络,-0.02,2026-05-14,↓ 净流出
地素时尚,-0.02,2026-05-14,↓ 净流出
XD金麒麟,-0.02,2026-05-14,↓ 净流出
武汉控股,-0.02,2026-05-14,↓ 净流出
光明乳业,-0.02,2026-05-14,↓ 净流出
*ST长投,-0.02,2026-05-14,↓ 净流出
健民集团,-0.02,2026-05-14,↓ 净流出
渝农商行,-0.02,2026-05-14,↓ 净流出
绿城水务,-0.02,2026-05-14,↓ 净流出
联明股份,-0.02,2026-05-14,↓ 净流出
中国铝业,-0.02,2026-05-14,↓ 净流出
华纺股份,-0.03,2026-05-14,↓ 净流出
建研院,-0.03,2026-05-14,↓ 净流出
凯迪股份,-0.03,2026-05-14,↓ 净流出
正裕工业,-0.03,2026-05-14,↓ 净流出
中力股份,-0.03,2026-05-14,↓ 净流出
恒银科技,-0.03,2026-05-14,↓ 净流出
广州酒家,-0.03,2026-05-14,↓ 净流出
保税科技,-0.03,2026-05-14,↓ 净流出
正川股份,-0.03,2026-05-14,↓ 净流出
众辰科技,-0.03,2026-05-14,↓ 净流出
行动教育,-0.03,2026-05-14,↓ 净流出
美思德,-0.03,2026-05-14,↓ 净流出
南侨食品,-0.03,2026-05-14,↓ 净流出
西大门,-0.03,2026-05-14,↓ 净流出
鼎际得,-0.03,2026-05-14,↓ 净流出
广州发展,-0.03,2026-05-14,↓ 净流出
浙文影业,-0.03,2026-05-14,↓ 净流出
索宝蛋白,-0.03,2026-05-14,↓ 净流出
龙版传媒,-0.03,2026-05-14,↓ 净流出
钱江水利,-0.03,2026-05-14,↓ 净流出
东风科技,-0.03,2026-05-14,↓ 净流出
好太太,-0.03,2026-05-14,↓ 净流出
汇得科技,-0.03,2026-05-14,↓ 净流出
金帝股份,-0.03,2026-05-14,↓ 净流出
福元医药,-0.03,2026-05-14,↓ 净流出
嘉环科技,-0.03,2026-05-14,↓ 净流出
恒源煤电,-0.03,2026-05-14,↓ 净流出
风神股份,-0.03,2026-05-14,↓ 净流出
福龙马,-0.03,2026-05-14,↓ 净流出
中原高速,-0.03,2026-05-14,↓ 净流出
蔚蓝生物,-0.03,2026-05-14,↓ 净流出
江盐集团,-0.03,2026-05-14,↓ 净流出
威高血净,-0.03,2026-05-14,↓ 净流出
国机通用,-0.03,2026-05-14,↓ 净流出
大丰实业,-0.03,2026-05-14,↓ 净流出
大商股份,-0.03,2026-05-14,↓ 净流出
新澳股份,-0.03,2026-05-14,↓ 净流出
泉峰汽车,-0.03,2026-05-14,↓ 净流出
中际联合,-0.03,2026-05-14,↓ 净流出
爱慕股份,-0.03,2026-05-14,↓ 净流出
新疆天业,-0.03,2026-05-14,↓ 净流出
南方路机,-0.03,2026-05-14,↓ 净流出
桐昆股份,-0.03,2026-05-14,↓ 净流出
安图生物,-0.03,2026-05-14,↓ 净流出
天元智能,-0.03,2026-05-14,↓ 净流出
天马科技,-0.03,2026-05-14,↓ 净流出
文灿股份,-0.03,2026-05-14,↓ 净流出
仙鹤股份,-0.03,2026-05-14,↓ 净流出
香江控股,-0.03,2026-05-14,↓ 净流出
天正电气,-0.03,2026-05-14,↓ 净流出
克来机电,-0.03,2026-05-14,↓ 净流出
科华控股,-0.03,2026-05-14,↓ 净流出
威派格,-0.03,2026-05-14,↓ 净流出
丰山集团,-0.03,2026-05-14,↓ 净流出
大东方,-0.03,2026-05-14,↓ 净流出
灵康药业,-0.03,2026-05-14,↓ 净流出
医美服务,-0.03,2026-05-14,↓ 净流出
辅料,-0.03,2026-05-14,↓ 净流出
雪龙集团,-0.03,2026-05-14,↓ 净流出
日辰股份,-0.03,2026-05-14,↓ 净流出
康辰药业,-0.03,2026-05-14,↓ 净流出
海尔智家,-0.03,2026-05-14,↓ 净流出
民丰特纸,-0.03,2026-05-14,↓ 净流出
嘉友国际,-0.04,2026-05-14,↓ 净流出
开创国际,-0.04,2026-05-14,↓ 净流出
王力安防,-0.04,2026-05-14,↓ 净流出
潞化科技,-0.04,2026-05-14,↓ 净流出
国茂股份,-0.04,2026-05-14,↓ 净流出
江西长运,-0.04,2026-05-14,↓ 净流出
开滦股份,-0.04,2026-05-14,↓ 净流出
宝立食品,-0.04,2026-05-14,↓ 净流出
山东高速,-0.04,2026-05-14,↓ 净流出
伟时电子,-0.04,2026-05-14,↓ 净流出
维远股份,-0.04,2026-05-14,↓ 净流出
重庆燃气,-0.04,2026-05-14,↓ 净流出
浙版传媒,-0.04,2026-05-14,↓ 净流出
法狮龙,-0.04,2026-05-14,↓ 净流出
吉林高速,-0.04,2026-05-14,↓ 净流出
国光连锁,-0.04,2026-05-14,↓ 净流出
凌钢股份,-0.04,2026-05-14,↓ 净流出
万丰股份,-0.04,2026-05-14,↓ 净流出
亚星化学,-0.04,2026-05-14,↓ 净流出
大明电子,-0.04,2026-05-14,↓ 净流出
中南传媒,-0.04,2026-05-14,↓ 净流出
重百集团,-0.04,2026-05-14,↓ 净流出
宝钢包装,-0.04,2026-05-14,↓ 净流出
大参林,-0.04,2026-05-14,↓ 净流出
曲美家居,-0.04,2026-05-14,↓ 净流出
天富龙,-0.04,2026-05-14,↓ 净流出
友好集团,-0.04,2026-05-14,↓ 净流出
傲农生物,-0.04,2026-05-14,↓ 净流出
天润乳业,-0.04,2026-05-14,↓ 净流出
动力源,-0.04,2026-05-14,↓ 净流出
时代万恒,-0.04,2026-05-14,↓ 净流出
合力科技,-0.04,2026-05-14,↓ 净流出
苏豪时尚,-0.04,2026-05-14,↓ 净流出
申华控股,-0.04,2026-05-14,↓ 净流出
华设集团,-0.04,2026-05-14,↓ 净流出
亚邦股份,-0.04,2026-05-14,↓ 净流出
东贝集团,-0.04,2026-05-14,↓ 净流出
北元化工,-0.04,2026-05-14,↓ 净流出
福斯达,-0.04,2026-05-14,↓ 净流出
晨光股份,-0.04,2026-05-14,↓ 净流出
城市传媒,-0.04,2026-05-14,↓ 净流出
华创云信,-0.04,2026-05-14,↓ 净流出
中再资环,-0.04,2026-05-14,↓ 净流出
宿迁联盛,-0.04,2026-05-14,↓ 净流出
中国外运,-0.04,2026-05-14,↓ 净流出
圣达生物,-0.04,2026-05-14,↓ 净流出
海峡环保,-0.04,2026-05-14,↓ 净流出
永悦科技,-0.04,2026-05-14,↓ 净流出
*ST返利,-0.04,2026-05-14,↓ 净流出
派斯林,-0.04,2026-05-14,↓ 净流出
电魂网络,-0.04,2026-05-14,↓ 净流出
友发集团,-0.04,2026-05-14,↓ 净流出
华新精科,-0.04,2026-05-14,↓ 净流出
安乃达,-0.04,2026-05-14,↓ 净流出
内蒙新华,-0.04,2026-05-14,↓ 净流出
三元股份,-0.04,2026-05-14,↓ 净流出
建发股份,-0.04,2026-05-14,↓ 净流出
奥康国际,-0.04,2026-05-14,↓ 净流出
安阳钢铁,-0.04,2026-05-14,↓ 净流出
云中马,-0.05,2026-05-14,↓ 净流出
东安动力,-0.05,2026-05-14,↓ 净流出
ST宁科,-0.05,2026-05-14,↓ 净流出
顾家家居,-0.05,2026-05-14,↓ 净流出
永安行,-0.05,2026-05-14,↓ 净流出
阿科力,-0.05,2026-05-14,↓ 净流出
海阳科技,-0.05,2026-05-14,↓ 净流出
新日股份,-0.05,2026-05-14,↓ 净流出
金诚信,-0.05,2026-05-14,↓ 净流出
大龙地产,-0.05,2026-05-14,↓ 净流出
奥翔药业,-0.05,2026-05-14,↓ 净流出
国机汽车,-0.05,2026-05-14,↓ 净流出
亚通股份,-0.05,2026-05-14,↓ 净流出
*ST亿晶,-0.05,2026-05-14,↓ 净流出
新农开发,-0.05,2026-05-14,↓ 净流出
青岛港,-0.05,2026-05-14,↓ 净流出
均瑶健康,-0.05,2026-05-14,↓ 净流出
申达股份,-0.05,2026-05-14,↓ 净流出
大名城,-0.05,2026-05-14,↓ 净流出
读者传媒,-0.05,2026-05-14,↓ 净流出
健盛集团,-0.05,2026-05-14,↓ 净流出
祥和实业,-0.05,2026-05-14,↓ 净流出
海洋捕捞,-0.05,2026-05-14,↓ 净流出
洛凯股份,-0.05,2026-05-14,↓ 净流出
恒力石化,-0.05,2026-05-14,↓ 净流出
百隆东方,-0.05,2026-05-14,↓ 净流出
天士力,-0.05,2026-05-14,↓ 净流出
鲁北化工,-0.05,2026-05-14,↓ 净流出
渤海汽车,-0.05,2026-05-14,↓ 净流出
澄星股份,-0.05,2026-05-14,↓ 净流出
福建水泥,-0.05,2026-05-14,↓ 净流出
其他石化,-0.05,2026-05-14,↓ 净流出
茶花股份,-0.05,2026-05-14,↓ 净流出
赣粤高速,-0.05,2026-05-14,↓ 净流出
三星新材,-0.05,2026-05-14,↓ 净流出
普莱柯,-0.05,2026-05-14,↓ 净流出
蓝科高新,-0.05,2026-05-14,↓ 净流出
首创环保,-0.05,2026-05-14,↓ 净流出
*ST起步,-0.05,2026-05-14,↓ 净流出
西上海,-0.05,2026-05-14,↓ 净流出
鲁银投资,-0.06,2026-05-14,↓ 净流出
中储股份,-0.06,2026-05-14,↓ 净流出
英利汽车,-0.06,2026-05-14,↓ 净流出
维力医疗,-0.06,2026-05-14,↓ 净流出
*ST景谷,-0.06,2026-05-14,↓ 净流出
快克智能,-0.06,2026-05-14,↓ 净流出
卓郎智能,-0.06,2026-05-14,↓ 净流出
唐山港,-0.06,2026-05-14,↓ 净流出
同济科技,-0.06,2026-05-14,↓ 净流出
小方制药,-0.06,2026-05-14,↓ 净流出
*ST海钦,-0.06,2026-05-14,↓ 净流出
中国出版,-0.06,2026-05-14,↓ 净流出
志邦家居,-0.06,2026-05-14,↓ 净流出
翔港科技,-0.06,2026-05-14,↓ 净流出
金杯汽车,-0.06,2026-05-14,↓ 净流出
九华旅游,-0.06,2026-05-14,↓ 净流出
宝地矿业,-0.06,2026-05-14,↓ 净流出
超市,-0.06,2026-05-14,↓ 净流出
亚通精工,-0.06,2026-05-14,↓ 净流出
嘉化能源,-0.06,2026-05-14,↓ 净流出
中华企业,-0.06,2026-05-14,↓ 净流出
房地产综合服务,-0.06,2026-05-14,↓ 净流出
珠江股份,-0.06,2026-05-14,↓ 净流出
时空科技,-0.06,2026-05-14,↓ 净流出
珠免集团,-0.06,2026-05-14,↓ 净流出
良品铺子,-0.06,2026-05-14,↓ 净流出
*ST天择,-0.06,2026-05-14,↓ 净流出
秦港股份,-0.06,2026-05-14,↓ 净流出
金枫酒业,-0.06,2026-05-14,↓ 净流出
建元信托,-0.06,2026-05-14,↓ 净流出
华达科技,-0.06,2026-05-14,↓ 净流出
赛福天,-0.06,2026-05-14,↓ 净流出
厦门空港,-0.06,2026-05-14,↓ 净流出
天目药业,-0.06,2026-05-14,↓ 净流出
光大嘉宝,-0.06,2026-05-14,↓ 净流出
重庆路桥,-0.06,2026-05-14,↓ 净流出
浙江东日,-0.06,2026-05-14,↓ 净流出
亚普股份,-0.06,2026-05-14,↓ 净流出
*ST京化,-0.06,2026-05-14,↓ 净流出
伟明环保,-0.06,2026-05-14,↓ 净流出
博汇纸业,-0.06,2026-05-14,↓ 净流出
海利尔,-0.06,2026-05-14,↓ 净流出
老百姓,-0.06,2026-05-14,↓ 净流出
陕鼓动力,-0.06,2026-05-14,↓ 净流出
诚邦股份,-0.06,2026-05-14,↓ 净流出
创新新材,-0.06,2026-05-14,↓ 净流出
汇嘉时代,-0.06,2026-05-14,↓ 净流出
东方环宇,-0.06,2026-05-14,↓ 净流出
新世界,-0.07,2026-05-14,↓ 净流出
中青旅,-0.07,2026-05-14,↓ 净流出
聚合顺,-0.07,2026-05-14,↓ 净流出
老凤祥,-0.07,2026-05-14,↓ 净流出
璞源材料,-0.07,2026-05-14,↓ 净流出
健康元,-0.07,2026-05-14,↓ 净流出
重庆水务,-0.07,2026-05-14,↓ 净流出
中盐化工,-0.07,2026-05-14,↓ 净流出
*ST湘邮,-0.07,2026-05-14,↓ 净流出
鼎龙科技,-0.07,2026-05-14,↓ 净流出
华润双鹤,-0.07,2026-05-14,↓ 净流出
中铝国际,-0.07,2026-05-14,↓ 净流出
君禾股份,-0.07,2026-05-14,↓ 净流出
常熟汽饰,-0.07,2026-05-14,↓ 净流出
晋西车轴,-0.07,2026-05-14,↓ 净流出
千金药业,-0.07,2026-05-14,↓ 净流出
北辰实业,-0.07,2026-05-14,↓ 净流出
易德龙,-0.07,2026-05-14,↓ 净流出
江瀚新材,-0.07,2026-05-14,↓ 净流出
盛泰集团,-0.07,2026-05-14,↓ 净流出
ST通脉,-0.07,2026-05-14,↓ 净流出
*ST亚振,-0.07,2026-05-14,↓ 净流出
森特股份,-0.07,2026-05-14,↓ 净流出
清源股份,-0.07,2026-05-14,↓ 净流出
康隆达,-0.07,2026-05-14,↓ 净流出
ST洲际,-0.07,2026-05-14,↓ 净流出
上海九百,-0.07,2026-05-14,↓ 净流出
畅联股份,-0.07,2026-05-14,↓ 净流出
松炀资源,-0.07,2026-05-14,↓ 净流出
陕西煤业,-0.07,2026-05-14,↓ 净流出
野马电池,-0.07,2026-05-14,↓ 净流出
西典新能,-0.07,2026-05-14,↓ 净流出
中海油服,-0.07,2026-05-14,↓ 净流出
柯力传感,-0.07,2026-05-14,↓ 净流出
金石资源,-0.07,2026-05-14,↓ 净流出
艾华集团,-0.07,2026-05-14,↓ 净流出
中牧股份,-0.07,2026-05-14,↓ 净流出
永吉股份,-0.07,2026-05-14,↓ 净流出
山西汾酒,-0.07,2026-05-14,↓ 净流出
北京人力,-0.07,2026-05-14,↓ 净流出
ST太重,-0.07,2026-05-14,↓ 净流出
长久物流,-0.07,2026-05-14,↓ 净流出
敦煌种业,-0.07,2026-05-14,↓ 净流出
广汇物流,-0.07,2026-05-14,↓ 净流出
先达股份,-0.07,2026-05-14,↓ 净流出
浦东建设,-0.07,2026-05-14,↓ 净流出
厦门象屿,-0.07,2026-05-14,↓ 净流出
康普顿,-0.07,2026-05-14,↓ 净流出
汇通控股,-0.07,2026-05-14,↓ 净流出
众鑫股份,-0.07,2026-05-14,↓ 净流出
ST通葡,-0.07,2026-05-14,↓ 净流出
九州通,-0.07,2026-05-14,↓ 净流出
金陵饭店,-0.07,2026-05-14,↓ 净流出
杰克科技,-0.07,2026-05-14,↓ 净流出
正和生态,-0.07,2026-05-14,↓ 净流出
歌力思,-0.07,2026-05-14,↓ 净流出
红四方,-0.08,2026-05-14,↓ 净流出
菜百股份,-0.08,2026-05-14,↓ 净流出
陕西旅游,-0.08,2026-05-14,↓ 净流出
宏辉果蔬,-0.08,2026-05-14,↓ 净流出
三峡新材,-0.08,2026-05-14,↓ 净流出
新华传媒,-0.08,2026-05-14,↓ 净流出
红塔证券,-0.08,2026-05-14,↓ 净流出
海天股份,-0.08,2026-05-14,↓ 净流出
新华医疗,-0.08,2026-05-14,↓ 净流出
茂业商业,-0.08,2026-05-14,↓ 净流出
天永智能,-0.08,2026-05-14,↓ 净流出
海通发展,-0.08,2026-05-14,↓ 净流出
上海港湾,-0.08,2026-05-14,↓ 净流出
百龙创园,-0.08,2026-05-14,↓ 净流出
洪城环境,-0.08,2026-05-14,↓ 净流出
中创物流,-0.08,2026-05-14,↓ 净流出
寿仙谷,-0.08,2026-05-14,↓ 净流出
华北制药,-0.08,2026-05-14,↓ 净流出
山鹰国际,-0.08,2026-05-14,↓ 净流出
维维股份,-0.08,2026-05-14,↓ 净流出
贵航股份,-0.08,2026-05-14,↓ 净流出
如通股份,-0.08,2026-05-14,↓ 净流出
渤海化学,-0.08,2026-05-14,↓ 净流出
柳药集团,-0.08,2026-05-14,↓ 净流出
圆通速递,-0.08,2026-05-14,↓ 净流出
春光科技,-0.08,2026-05-14,↓ 净流出
龙头股份,-0.08,2026-05-14,↓ 净流出
紫燕食品,-0.08,2026-05-14,↓ 净流出
广深铁路,-0.08,2026-05-14,↓ 净流出
*ST大晟,-0.08,2026-05-14,↓ 净流出
博隆技术,-0.08,2026-05-14,↓ 净流出
新凤鸣,-0.08,2026-05-14,↓ 净流出
万向德农,-0.08,2026-05-14,↓ 净流出
中交设计,-0.08,2026-05-14,↓ 净流出
宁波富达,-0.08,2026-05-14,↓ 净流出
澳弘电子,-0.08,2026-05-14,↓ 净流出
中新集团,-0.08,2026-05-14,↓ 净流出
安记食品,-0.09,2026-05-14,↓ 净流出
福达股份,-0.09,2026-05-14,↓ 净流出
全筑股份,-0.09,2026-05-14,↓ 净流出
星湖科技,-0.09,2026-05-14,↓ 净流出
金健米业,-0.09,2026-05-14,↓ 净流出
纽威股份,-0.09,2026-05-14,↓ 净流出
辽港股份,-0.09,2026-05-14,↓ 净流出
益民集团,-0.09,2026-05-14,↓ 净流出
广汽集团,-0.09,2026-05-14,↓ 净流出
德宏股份,-0.09,2026-05-14,↓ 净流出
鹏欣资源,-0.09,2026-05-14,↓ 净流出
沪农商行,-0.09,2026-05-14,↓ 净流出
华立股份,-0.09,2026-05-14,↓ 净流出
吉华集团,-0.09,2026-05-14,↓ 净流出
信达地产,-0.09,2026-05-14,↓ 净流出
山东出版,-0.09,2026-05-14,↓ 净流出
东航物流,-0.09,2026-05-14,↓ 净流出
江山股份,-0.09,2026-05-14,↓ 净流出
怡球资源,-0.09,2026-05-14,↓ 净流出
太极集团,-0.09,2026-05-14,↓ 净流出
神力股份,-0.09,2026-05-14,↓ 净流出
中源家居,-0.09,2026-05-14,↓ 净流出
福瑞达,-0.09,2026-05-14,↓ 净流出
坤彩科技,-0.09,2026-05-14,↓ 净流出
*ST柳化,-0.09,2026-05-14,↓ 净流出
福建高速,-0.09,2026-05-14,↓ 净流出
福鞍股份,-0.09,2026-05-14,↓ 净流出
华泰证券,-0.10,2026-05-14,↓ 净流出
辰欣药业,-0.10,2026-05-14,↓ 净流出
鞋帽及其他,-0.10,2026-05-14,↓ 净流出
卫浴制品,-0.10,2026-05-14,↓ 净流出
*ST尼雅,-0.10,2026-05-14,↓ 净流出
卧龙新能,-0.10,2026-05-14,↓ 净流出
合兴股份,-0.10,2026-05-14,↓ 净流出
华丰股份,-0.10,2026-05-14,↓ 净流出
美凯龙,-0.10,2026-05-14,↓ 净流出
苏垦农发,-0.10,2026-05-14,↓ 净流出
冰洗,-0.10,2026-05-14,↓ 净流出
景津装备,-0.10,2026-05-14,↓ 净流出
国检集团,-0.10,2026-05-14,↓ 净流出
*ST华幸,-0.10,2026-05-14,↓ 净流出
陆家嘴,-0.10,2026-05-14,↓ 净流出
大众交通,-0.10,2026-05-14,↓ 净流出
浙江自然,-0.10,2026-05-14,↓ 净流出
莱克电气,-0.10,2026-05-14,↓ 净流出
天味食品,-0.10,2026-05-14,↓ 净流出
众望布艺,-0.10,2026-05-14,↓ 净流出
广电电气,-0.10,2026-05-14,↓ 净流出
苏利股份,-0.10,2026-05-14,↓ 净流出
中油工程,-0.10,2026-05-14,↓ 净流出
多伦科技,-0.10,2026-05-14,↓ 净流出
全柴动力,-0.10,2026-05-14,↓ 净流出
密尔克卫,-0.10,2026-05-14,↓ 净流出
动力新科,-0.10,2026-05-14,↓ 净流出
方盛制药,-0.10,2026-05-14,↓ 净流出
人力资源服务,-0.10,2026-05-14,↓ 净流出
音飞储存,-0.10,2026-05-14,↓ 净流出
出版传媒,-0.10,2026-05-14,↓ 净流出
两面针,-0.10,2026-05-14,↓ 净流出
华安证券,-0.10,2026-05-14,↓ 净流出
协和电子,-0.10,2026-05-14,↓ 净流出
顶点软件,-0.10,2026-05-14,↓ 净流出
兰花科创,-0.11,2026-05-14,↓ 净流出
丽人丽妆,-0.11,2026-05-14,↓ 净流出
百利电气,-0.11,2026-05-14,↓ 净流出
林海股份,-0.11,2026-05-14,↓ 净流出
南钢股份,-0.11,2026-05-14,↓ 净流出
*ST海华,-0.11,2026-05-14,↓ 净流出
紫金银行,-0.11,2026-05-14,↓ 净流出
科博达,-0.11,2026-05-14,↓ 净流出
保隆科技,-0.11,2026-05-14,↓ 净流出
诚意药业,-0.11,2026-05-14,↓ 净流出
日照港,-0.11,2026-05-14,↓ 净流出
五洲交通,-0.11,2026-05-14,↓ 净流出
ST嘉澳,-0.11,2026-05-14,↓ 净流出
欧派家居,-0.11,2026-05-14,↓ 净流出
一拖股份,-0.11,2026-05-14,↓ 净流出
玻璃制造,-0.11,2026-05-14,↓ 净流出
神驰机电,-0.11,2026-05-14,↓ 净流出
创力集团,-0.11,2026-05-14,↓ 净流出
水产养殖,-0.11,2026-05-14,↓ 净流出
绿能慧充,-0.11,2026-05-14,↓ 净流出
飞乐音响,-0.11,2026-05-14,↓ 净流出
安泰集团,-0.11,2026-05-14,↓ 净流出
鼎信通讯,-0.11,2026-05-14,↓ 净流出
川仪股份,-0.11,2026-05-14,↓ 净流出
鑫源智造,-0.11,2026-05-14,↓ 净流出
宁波富邦,-0.11,2026-05-14,↓ 净流出
翠微股份,-0.11,2026-05-14,↓ 净流出
四创电子,-0.11,2026-05-14,↓ 净流出
世茂能源,-0.11,2026-05-14,↓ 净流出
爱建集团,-0.11,2026-05-14,↓ 净流出
泰鸿万立,-0.11,2026-05-14,↓ 净流出
中国东航,-0.11,2026-05-14,↓ 净流出
汽车经销商,-0.11,2026-05-14,↓ 净流出
拉芳家化,-0.11,2026-05-14,↓ 净流出
新城控股,-0.11,2026-05-14,↓ 净流出
B股,-0.11,2026-05-14,↓ 净流出
精工钢构,-0.11,2026-05-14,↓ 净流出
ST明诚,-0.11,2026-05-14,↓ 净流出
联合水务,-0.11,2026-05-14,↓ 净流出
人民同泰,-0.11,2026-05-14,↓ 净流出
大千生态,-0.11,2026-05-14,↓ 净流出
厦门国贸,-0.12,2026-05-14,↓ 净流出
长白山,-0.12,2026-05-14,↓ 净流出
空港股份,-0.12,2026-05-14,↓ 净流出
海兴电力,-0.12,2026-05-14,↓ 净流出
菲林格尔,-0.12,2026-05-14,↓ 净流出
昆药集团,-0.12,2026-05-14,↓ 净流出
洪田股份,-0.12,2026-05-14,↓ 净流出
预制菜概念,-0.12,2026-05-14,↓ 净流出
奥锐特,-0.12,2026-05-14,↓ 净流出
ST龙元,-0.12,2026-05-14,↓ 净流出
春风动力,-0.12,2026-05-14,↓ 净流出
熟食,-0.12,2026-05-14,↓ 净流出
汇顶科技,-0.12,2026-05-14,↓ 净流出
万华化学,-0.12,2026-05-14,↓ 净流出
朗博科技,-0.12,2026-05-14,↓ 净流出
城投控股,-0.12,2026-05-14,↓ 净流出
百大集团,-0.12,2026-05-14,↓ 净流出
甬金股份,-0.12,2026-05-14,↓ 净流出
大湖股份,-0.12,2026-05-14,↓ 净流出
德昌股份,-0.12,2026-05-14,↓ 净流出
园林股份,-0.12,2026-05-14,↓ 净流出
科林电气,-0.12,2026-05-14,↓ 净流出
福然德,-0.12,2026-05-14,↓ 净流出
中国国贸,-0.12,2026-05-14,↓ 净流出
华旺科技,-0.13,2026-05-14,↓ 净流出
新中港,-0.13,2026-05-14,↓ 净流出
新疆众和,-0.13,2026-05-14,↓ 净流出
海信视像,-0.13,2026-05-14,↓ 净流出
金徽股份,-0.13,2026-05-14,↓ 净流出
八方股份,-0.13,2026-05-14,↓ 净流出
江苏华辰,-0.13,2026-05-14,↓ 净流出
佳力图,-0.13,2026-05-14,↓ 净流出
华鲁恒升,-0.13,2026-05-14,↓ 净流出
林平发展,-0.13,2026-05-14,↓ 净流出
兴业证券,-0.13,2026-05-14,↓ 净流出
电科数字,-0.13,2026-05-14,↓ 净流出
同仁堂,-0.13,2026-05-14,↓ 净流出
华翔股份,-0.13,2026-05-14,↓ 净流出
市北高新,-0.13,2026-05-14,↓ 净流出
基蛋生物,-0.13,2026-05-14,↓ 净流出
青松建化,-0.13,2026-05-14,↓ 净流出
三峡水利,-0.13,2026-05-14,↓ 净流出
美邦股份,-0.13,2026-05-14,↓ 净流出
道生天合,-0.13,2026-05-14,↓ 净流出
科新发展,-0.13,2026-05-14,↓ 净流出
中国银河,-0.13,2026-05-14,↓ 净流出
达仁堂,-0.13,2026-05-14,↓ 净流出
通用股份,-0.13,2026-05-14,↓ 净流出
兰石重装,-0.13,2026-05-14,↓ 净流出
上海电影,-0.13,2026-05-14,↓ 净流出
隧道股份,-0.13,2026-05-14,↓ 净流出
ST海泰,-0.13,2026-05-14,↓ 净流出
大业股份,-0.13,2026-05-14,↓ 净流出
上港集团,-0.13,2026-05-14,↓ 净流出
合盛硅业,-0.13,2026-05-14,↓ 净流出
华塑股份,-0.13,2026-05-14,↓ 净流出
金能科技,-0.13,2026-05-14,↓ 净流出
三峰环境,-0.13,2026-05-14,↓ 净流出
今创集团,-0.13,2026-05-14,↓ 净流出
尖峰集团,-0.13,2026-05-14,↓ 净流出
澳柯玛,-0.13,2026-05-14,↓ 净流出
振江股份,-0.13,2026-05-14,↓ 净流出
麦加芯彩,-0.13,2026-05-14,↓ 净流出
印染,-0.13,2026-05-14,↓ 净流出
王府井,-0.13,2026-05-14,↓ 净流出
西藏药业,-0.13,2026-05-14,↓ 净流出
华达新材,-0.13,2026-05-14,↓ 净流出
阳光照明,-0.14,2026-05-14,↓ 净流出
诺力股份,-0.14,2026-05-14,↓ 净流出
上工申贝,-0.14,2026-05-14,↓ 净流出
大恒科技,-0.14,2026-05-14,↓ 净流出
新黄浦,-0.14,2026-05-14,↓ 净流出
汉马科技,-0.14,2026-05-14,↓ 净流出
*ST东珠,-0.14,2026-05-14,↓ 净流出
睿能科技,-0.14,2026-05-14,↓ 净流出
永兴股份,-0.14,2026-05-14,↓ 净流出
凤凰光学,-0.14,2026-05-14,↓ 净流出
亚泰集团,-0.14,2026-05-14,↓ 净流出
松霖科技,-0.14,2026-05-14,↓ 净流出
宏盛华源,-0.14,2026-05-14,↓ 净流出
菲达环保,-0.14,2026-05-14,↓ 净流出
华能蒙电,-0.14,2026-05-14,↓ 净流出
贵绳股份,-0.14,2026-05-14,↓ 净流出
果蔬加工,-0.14,2026-05-14,↓ 净流出
海正药业,-0.14,2026-05-14,↓ 净流出
福蓉科技,-0.14,2026-05-14,↓ 净流出
神通科技,-0.14,2026-05-14,↓ 净流出
赛伍技术,-0.14,2026-05-14,↓ 净流出
江苏有线,-0.14,2026-05-14,↓ 净流出
水发燃气,-0.14,2026-05-14,↓ 净流出
湖南海利,-0.14,2026-05-14,↓ 净流出
新力金融,-0.14,2026-05-14,↓ 净流出
同庆楼,-0.15,2026-05-14,↓ 净流出
苏美达,-0.15,2026-05-14,↓ 净流出
日月股份,-0.15,2026-05-14,↓ 净流出
新钢股份,-0.15,2026-05-14,↓ 净流出
马应龙,-0.15,2026-05-14,↓ 净流出
华峰铝业,-0.15,2026-05-14,↓ 净流出
骏亚科技,-0.15,2026-05-14,↓ 净流出
潞安环能,-0.15,2026-05-14,↓ 净流出
陕西黑猫,-0.15,2026-05-14,↓ 净流出
益佰制药,-0.15,2026-05-14,↓ 净流出
上海医药,-0.15,2026-05-14,↓ 净流出
房产租赁经纪,-0.15,2026-05-14,↓ 净流出
丰倍生物,-0.15,2026-05-14,↓ 净流出
东兴证券,-0.15,2026-05-14,↓ 净流出
ST人福,-0.15,2026-05-14,↓ 净流出
东风股份,-0.15,2026-05-14,↓ 净流出
至信股份,-0.15,2026-05-14,↓ 净流出
中国海防,-0.15,2026-05-14,↓ 净流出
昊华能源,-0.15,2026-05-14,↓ 净流出
博迈科,-0.15,2026-05-14,↓ 净流出
珀莱雅,-0.16,2026-05-14,↓ 净流出
鹿山新材,-0.16,2026-05-14,↓ 净流出
富春染织,-0.16,2026-05-14,↓ 净流出
中泰证券,-0.16,2026-05-14,↓ 净流出
创业环保,-0.16,2026-05-14,↓ 净流出
苏能股份,-0.16,2026-05-14,↓ 净流出
轻纺城,-0.16,2026-05-14,↓ 净流出
掌阅科技,-0.16,2026-05-14,↓ 净流出
泰瑞机器,-0.16,2026-05-14,↓ 净流出
渔业,-0.16,2026-05-14,↓ 净流出
杭州银行,-0.16,2026-05-14,↓ 净流出
上海沿浦,-0.16,2026-05-14,↓ 净流出
上海家化,-0.16,2026-05-14,↓ 净流出
中谷物流,-0.16,2026-05-14,↓ 净流出
宁波精达,-0.16,2026-05-14,↓ 净流出
锦江在线,-0.16,2026-05-14,↓ 净流出
白云机场,-0.16,2026-05-14,↓ 净流出
润本股份,-0.16,2026-05-14,↓ 净流出
西南证券,-0.16,2026-05-14,↓ 净流出
北投科技,-0.16,2026-05-14,↓ 净流出
四川路桥,-0.16,2026-05-14,↓ 净流出
安通控股,-0.17,2026-05-14,↓ 净流出
华资实业,-0.17,2026-05-14,↓ 净流出
立霸股份,-0.17,2026-05-14,↓ 净流出
中国黄金,-0.17,2026-05-14,↓ 净流出
钛白粉,-0.17,2026-05-14,↓ 净流出
江南水务,-0.17,2026-05-14,↓ 净流出
杭齿前进,-0.17,2026-05-14,↓ 净流出
杭叉集团,-0.17,2026-05-14,↓ 净流出
大连圣亚,-0.17,2026-05-14,↓ 净流出
时代出版,-0.17,2026-05-14,↓ 净流出
沪光股份,-0.18,2026-05-14,↓ 净流出
金隅集团,-0.18,2026-05-14,↓ 净流出
中原证券,-0.18,2026-05-14,↓ 净流出
格尔软件,-0.18,2026-05-14,↓ 净流出
天坛生物,-0.18,2026-05-14,↓ 净流出
横店影视,-0.18,2026-05-14,↓ 净流出
荣泰健康,-0.18,2026-05-14,↓ 净流出
友升股份,-0.18,2026-05-14,↓ 净流出
中策橡胶,-0.18,2026-05-14,↓ 净流出
交建股份,-0.18,2026-05-14,↓ 净流出
无锡振华,-0.18,2026-05-14,↓ 净流出
金煤科技,-0.18,2026-05-14,↓ 净流出
东吴证券,-0.18,2026-05-14,↓ 净流出
锦江酒店,-0.18,2026-05-14,↓ 净流出
福日电子,-0.18,2026-05-14,↓ 净流出
东软集团,-0.18,2026-05-14,↓ 净流出
武进不锈,-0.18,2026-05-14,↓ 净流出
大豪科技,-0.18,2026-05-14,↓ 净流出
冠城新材,-0.19,2026-05-14,↓ 净流出
南京证券,-0.19,2026-05-14,↓ 净流出
南京新百,-0.19,2026-05-14,↓ 净流出
ST中珠,-0.19,2026-05-14,↓ 净流出
新坐标,-0.19,2026-05-14,↓ 净流出
晋亿实业,-0.19,2026-05-14,↓ 净流出
爱柯迪,-0.19,2026-05-14,↓ 净流出
百川能源,-0.19,2026-05-14,↓ 净流出
腾达建设,-0.19,2026-05-14,↓ 净流出
晨丰科技,-0.19,2026-05-14,↓ 净流出
*ST闻泰,-0.19,2026-05-14,↓ 净流出
德力佳,-0.19,2026-05-14,↓ 净流出
宁波建工,-0.19,2026-05-14,↓ 净流出
柏诚股份,-0.19,2026-05-14,↓ 净流出
西昌电力,-0.19,2026-05-14,↓ 净流出
新亚电子,-0.19,2026-05-14,↓ 净流出
宝信软件,-0.19,2026-05-14,↓ 净流出
安徽建工,-0.19,2026-05-14,↓ 净流出
园林工程,-0.20,2026-05-14,↓ 净流出
丽岛新材,-0.20,2026-05-14,↓ 净流出
长江通信,-0.20,2026-05-14,↓ 净流出
湖南天雁,-0.20,2026-05-14,↓ 净流出
ST金鸿顺,-0.20,2026-05-14,↓ 净流出
百花医药,-0.20,2026-05-14,↓ 净流出
富佳股份,-0.20,2026-05-14,↓ 净流出
重庆钢铁,-0.20,2026-05-14,↓ 净流出
汽车综合服务,-0.20,2026-05-14,↓ 净流出
骆驼股份,-0.20,2026-05-14,↓ 净流出
中电电机,-0.20,2026-05-14,↓ 净流出
酒钢宏兴,-0.20,2026-05-14,↓ 净流出
尚纬股份,-0.20,2026-05-14,↓ 净流出
东望时代,-0.20,2026-05-14,↓ 净流出
宝泰隆,-0.20,2026-05-14,↓ 净流出
分立器件,-0.20,2026-05-14,↓ 净流出
风范股份,-0.20,2026-05-14,↓ 净流出
金域医学,-0.20,2026-05-14,↓ 净流出
首创证券,-0.20,2026-05-14,↓ 净流出
春兰股份,-0.21,2026-05-14,↓ 净流出
法兰泰克,-0.21,2026-05-14,↓ 净流出
安彩高科,-0.21,2026-05-14,↓ 净流出
生物股份,-0.21,2026-05-14,↓ 净流出
惠泉啤酒,-0.21,2026-05-14,↓ 净流出
七一二,-0.21,2026-05-14,↓ 净流出
郴电国际,-0.21,2026-05-14,↓ 净流出
龙溪股份,-0.21,2026-05-14,↓ 净流出
中衡设计,-0.21,2026-05-14,↓ 净流出
农商行Ⅲ,-0.21,2026-05-14,↓ 净流出
博瑞传播,-0.21,2026-05-14,↓ 净流出
捷昌驱动,-0.21,2026-05-14,↓ 净流出
信雅达,-0.21,2026-05-14,↓ 净流出
大有能源,-0.21,2026-05-14,↓ 净流出
锡华科技,-0.21,2026-05-14,↓ 净流出
厦工股份,-0.22,2026-05-14,↓ 净流出
泰晶科技,-0.22,2026-05-14,↓ 净流出
山煤国际,-0.22,2026-05-14,↓ 净流出
中铁工业,-0.22,2026-05-14,↓ 净流出
移远通信,-0.22,2026-05-14,↓ 净流出
统一股份,-0.22,2026-05-14,↓ 净流出
浪潮软件,-0.22,2026-05-14,↓ 净流出
电子城,-0.22,2026-05-14,↓ 净流出
康欣新材,-0.22,2026-05-14,↓ 净流出
*ST帅电,-0.22,2026-05-14,↓ 净流出
东方创业,-0.22,2026-05-14,↓ 净流出
海航科技,-0.22,2026-05-14,↓ 净流出
越剑智能,-0.22,2026-05-14,↓ 净流出
海澜之家,-0.22,2026-05-14,↓ 净流出
南京商旅,-0.22,2026-05-14,↓ 净流出
纺织服装设备,-0.22,2026-05-14,↓ 净流出
鸣志电器,-0.23,2026-05-14,↓ 净流出
通宝能源,-0.23,2026-05-14,↓ 净流出
交运股份,-0.23,2026-05-14,↓ 净流出
杭州热电,-0.23,2026-05-14,↓ 净流出
浙商银行,-0.23,2026-05-14,↓ 净流出
芯能科技,-0.23,2026-05-14,↓ 净流出
冠农股份,-0.23,2026-05-14,↓ 净流出
*ST正平,-0.23,2026-05-14,↓ 净流出
农发种业,-0.23,2026-05-14,↓ 净流出
海螺水泥,-0.23,2026-05-14,↓ 净流出
朗迪集团,-0.23,2026-05-14,↓ 净流出
财达证券,-0.24,2026-05-14,↓ 净流出
信捷电气,-0.24,2026-05-14,↓ 净流出
日出东方,-0.24,2026-05-14,↓ 净流出
波导股份,-0.24,2026-05-14,↓ 净流出
*ST国中,-0.24,2026-05-14,↓ 净流出
国旅联合,-0.24,2026-05-14,↓ 净流出
卫浴电器,-0.25,2026-05-14,↓ 净流出
申能股份,-0.25,2026-05-14,↓ 净流出
莲花控股,-0.25,2026-05-14,↓ 净流出
中科软,-0.25,2026-05-14,↓ 净流出
天下秀,-0.25,2026-05-14,↓ 净流出
中国医药,-0.25,2026-05-14,↓ 净流出
金地集团,-0.25,2026-05-14,↓ 净流出
苏州科达,-0.25,2026-05-14,↓ 净流出
通达电气,-0.25,2026-05-14,↓ 净流出
能科科技,-0.25,2026-05-14,↓ 净流出
厨卫电器,-0.25,2026-05-14,↓ 净流出
新安股份,-0.25,2026-05-14,↓ 净流出
石化油服,-0.25,2026-05-14,↓ 净流出
皖维高新,-0.25,2026-05-14,↓ 净流出
佳都科技,-0.25,2026-05-14,↓ 净流出
中信金属,-0.25,2026-05-14,↓ 净流出
长材,-0.25,2026-05-14,↓ 净流出
其他养殖,-0.25,2026-05-14,↓ 净流出
香溢融通,-0.25,2026-05-14,↓ 净流出
华锡有色,-0.26,2026-05-14,↓ 净流出
中船科技,-0.26,2026-05-14,↓ 净流出
上海环境,-0.26,2026-05-14,↓ 净流出
富维股份,-0.26,2026-05-14,↓ 净流出
航天信息,-0.26,2026-05-14,↓ 净流出
吉祥航空,-0.26,2026-05-14,↓ 净流出
通策医疗,-0.26,2026-05-14,↓ 净流出
高能环境,-0.26,2026-05-14,↓ 净流出
华阳股份,-0.26,2026-05-14,↓ 净流出
非运动服装,-0.26,2026-05-14,↓ 净流出
荣晟环保,-0.26,2026-05-14,↓ 净流出
梅雁吉祥,-0.26,2026-05-14,↓ 净流出
五矿资本,-0.26,2026-05-14,↓ 净流出
餐饮,-0.27,2026-05-14,↓ 净流出
超讯通信,-0.27,2026-05-14,↓ 净流出
福莱新材,-0.27,2026-05-14,↓ 净流出
招商证券,-0.27,2026-05-14,↓ 净流出
安徽合力,-0.27,2026-05-14,↓ 净流出
福莱特,-0.27,2026-05-14,↓ 净流出
酒店,-0.27,2026-05-14,↓ 净流出
国联民生,-0.27,2026-05-14,↓ 净流出
国投中鲁,-0.27,2026-05-14,↓ 净流出
定制家居,-0.27,2026-05-14,↓ 净流出
鼎胜新材,-0.27,2026-05-14,↓ 净流出
宏盛股份,-0.27,2026-05-14,↓ 净流出
国网英大,-0.27,2026-05-14,↓ 净流出
信达证券,-0.27,2026-05-14,↓ 净流出
健友股份,-0.28,2026-05-14,↓ 净流出
三维股份,-0.28,2026-05-14,↓ 净流出
天普股份,-0.28,2026-05-14,↓ 净流出
中直股份,-0.28,2026-05-14,↓ 净流出
格林达,-0.28,2026-05-14,↓ 净流出
鑫科材料,-0.28,2026-05-14,↓ 净流出
康恩贝,-0.28,2026-05-14,↓ 净流出
咸亨国际,-0.28,2026-05-14,↓ 净流出
中闽能源,-0.28,2026-05-14,↓ 净流出
华远控股,-0.28,2026-05-14,↓ 净流出
豪能股份,-0.28,2026-05-14,↓ 净流出
华电科工,-0.28,2026-05-14,↓ 净流出
五矿发展,-0.28,2026-05-14,↓ 净流出
埃泰克,-0.28,2026-05-14,↓ 净流出
天有为,-0.29,2026-05-14,↓ 净流出
华银电力,-0.29,2026-05-14,↓ 净流出
绿地控股,-0.29,2026-05-14,↓ 净流出
天地科技,-0.29,2026-05-14,↓ 净流出
ST际华,-0.29,2026-05-14,↓ 净流出
北大荒,-0.29,2026-05-14,↓ 净流出
其他家电Ⅲ,-0.29,2026-05-14,↓ 净流出
其他家电Ⅱ,-0.29,2026-05-14,↓ 净流出
三佳科技,-0.29,2026-05-14,↓ 净流出
力鼎光电,-0.29,2026-05-14,↓ 净流出
大智慧,-0.29,2026-05-14,↓ 净流出
国网信通,-0.29,2026-05-14,↓ 净流出
杭萧钢构,-0.29,2026-05-14,↓ 净流出
科力远,-0.29,2026-05-14,↓ 净流出
亚宝药业,-0.29,2026-05-14,↓ 净流出
中国瑞林,-0.30,2026-05-14,↓ 净流出
至正股份,-0.30,2026-05-14,↓ 净流出
*ST福成,-0.30,2026-05-14,↓ 净流出
综合包装,-0.30,2026-05-14,↓ 净流出
农用机械,-0.30,2026-05-14,↓ 净流出
起帆电缆,-0.30,2026-05-14,↓ 净流出
银龙股份,-0.30,2026-05-14,↓ 净流出
中贝通信,-0.30,2026-05-14,↓ 净流出
万控智造,-0.31,2026-05-14,↓ 净流出
舒华体育,-0.31,2026-05-14,↓ 净流出
中信建投,-0.31,2026-05-14,↓ 净流出
乳品,-0.31,2026-05-14,↓ 净流出
端到端供应链服务,-0.31,2026-05-14,↓ 净流出
汽车服务,-0.31,2026-05-14,↓ 净流出
白云电器,-0.32,2026-05-14,↓ 净流出
乳业,-0.32,2026-05-14,↓ 净流出
鲁抗医药,-0.32,2026-05-14,↓ 净流出
德新科技,-0.32,2026-05-14,↓ 净流出
索通发展,-0.32,2026-05-14,↓ 净流出
*ST实达,-0.32,2026-05-14,↓ 净流出
浙商证券,-0.32,2026-05-14,↓ 净流出
航天晨光,-0.32,2026-05-14,↓ 净流出
中材节能,-0.33,2026-05-14,↓ 净流出
国金证券,-0.33,2026-05-14,↓ 净流出
爱玛科技,-0.33,2026-05-14,↓ 净流出
西藏旅游,-0.33,2026-05-14,↓ 净流出
财通证券,-0.34,2026-05-14,↓ 净流出
吉鑫科技,-0.34,2026-05-14,↓ 净流出
资产管理,-0.34,2026-05-14,↓ 净流出
亚盛集团,-0.34,2026-05-14,↓ 净流出
国投资本,-0.34,2026-05-14,↓ 净流出
中国电影,-0.34,2026-05-14,↓ 净流出
南京熊猫,-0.34,2026-05-14,↓ 净流出
明星电力,-0.35,2026-05-14,↓ 净流出
洗护用品,-0.35,2026-05-14,↓ 净流出
首开股份,-0.35,2026-05-14,↓ 净流出
合锻智能,-0.35,2026-05-14,↓ 净流出
春秋航空,-0.35,2026-05-14,↓ 净流出
中曼石油,-0.35,2026-05-14,↓ 净流出
海鸥股份,-0.35,2026-05-14,↓ 净流出
白云山,-0.35,2026-05-14,↓ 净流出
宁波港,-0.35,2026-05-14,↓ 净流出
宠物食品,-0.36,2026-05-14,↓ 净流出
中航重机,-0.36,2026-05-14,↓ 净流出
金龙汽车,-0.36,2026-05-14,↓ 净流出
展鹏科技,-0.36,2026-05-14,↓ 净流出
永创智能,-0.36,2026-05-14,↓ 净流出
洪都航空,-0.36,2026-05-14,↓ 净流出
物产中大,-0.37,2026-05-14,↓ 净流出
学历教育,-0.37,2026-05-14,↓ 净流出
调味发酵品Ⅲ,-0.37,2026-05-14,↓ 净流出
调味发酵品Ⅱ,-0.37,2026-05-14,↓ 净流出
梅花生物,-0.37,2026-05-14,↓ 净流出
其他家居用品,-0.37,2026-05-14,↓ 净流出
冠盛股份,-0.37,2026-05-14,↓ 净流出
ST百利,-0.37,2026-05-14,↓ 净流出
江南高纤,-0.37,2026-05-14,↓ 净流出
家纺,-0.38,2026-05-14,↓ 净流出
江苏金租,-0.38,2026-05-14,↓ 净流出
中国建筑,-0.38,2026-05-14,↓ 净流出
粮食种植,-0.39,2026-05-14,↓ 净流出
华建集团,-0.39,2026-05-14,↓ 净流出
电投水电,-0.39,2026-05-14,↓ 净流出
国投电力,-0.39,2026-05-14,↓ 净流出
金瑞矿业,-0.40,2026-05-14,↓ 净流出
和邦生物,-0.40,2026-05-14,↓ 净流出
海南矿业,-0.40,2026-05-14,↓ 净流出
润达医疗,-0.41,2026-05-14,↓ 净流出
国泰集团,-0.41,2026-05-14,↓ 净流出
上海机电,-0.41,2026-05-14,↓ 净流出
浙大网新,-0.41,2026-05-14,↓ 净流出
宁波韵升,-0.41,2026-05-14,↓ 净流出
上海机场,-0.42,2026-05-14,↓ 净流出
安孚科技,-0.42,2026-05-14,↓ 净流出
山东药玻,-0.42,2026-05-14,↓ 净流出
星宇股份,-0.42,2026-05-14,↓ 净流出
黑牡丹,-0.42,2026-05-14,↓ 净流出
华海药业,-0.42,2026-05-14,↓ 净流出
中银证券,-0.42,2026-05-14,↓ 净流出
新化股份,-0.42,2026-05-14,↓ 净流出
丰林集团,-0.43,2026-05-14,↓ 净流出
山东玻纤,-0.43,2026-05-14,↓ 净流出
九洲药业,-0.43,2026-05-14,↓ 净流出
林洋能源,-0.43,2026-05-14,↓ 净流出
商用载货车,-0.43,2026-05-14,↓ 净流出
公路货运,-0.44,2026-05-14,↓ 净流出
XD宏发股,-0.44,2026-05-14,↓ 净流出
福斯特,-0.44,2026-05-14,↓ 净流出
通化东宝,-0.44,2026-05-14,↓ 净流出
油品石化贸易,-0.44,2026-05-14,↓ 净流出
华脉科技,-0.44,2026-05-14,↓ 净流出
泛微网络,-0.44,2026-05-14,↓ 净流出
城建发展,-0.44,2026-05-14,↓ 净流出
昊华科技,-0.44,2026-05-14,↓ 净流出
引力传媒,-0.44,2026-05-14,↓ 净流出
恒为科技,-0.45,2026-05-14,↓ 净流出
和顺石油,-0.45,2026-05-14,↓ 净流出
民生银行,-0.45,2026-05-14,↓ 净流出
铜峰电子,-0.45,2026-05-14,↓ 净流出
罗曼股份,-0.46,2026-05-14,↓ 净流出
社区团购,-0.46,2026-05-14,↓ 净流出
伊利股份,-0.46,2026-05-14,↓ 净流出
复星医药,-0.46,2026-05-14,↓ 净流出
艾迪精密,-0.46,2026-05-14,↓ 净流出
国睿科技,-0.46,2026-05-14,↓ 净流出
万泰生物,-0.47,2026-05-14,↓ 净流出
联美控股,-0.47,2026-05-14,↓ 净流出
龙净环保,-0.47,2026-05-14,↓ 净流出
扬农化工,-0.48,2026-05-14,↓ 净流出
公交,-0.48,2026-05-14,↓ 净流出
火炬电子,-0.48,2026-05-14,↓ 净流出
上海沪工,-0.48,2026-05-14,↓ 净流出
旭升集团,-0.48,2026-05-14,↓ 净流出
信托,-0.49,2026-05-14,↓ 净流出
德才股份,-0.49,2026-05-14,↓ 净流出
玲珑轮胎,-0.49,2026-05-14,↓ 净流出
海南橡胶,-0.49,2026-05-14,↓ 净流出
乐山电力,-0.49,2026-05-14,↓ 净流出
科达制造,-0.49,2026-05-14,↓ 净流出
风语筑,-0.49,2026-05-14,↓ 净流出
海立股份,-0.50,2026-05-14,↓ 净流出
北特科技,-0.50,2026-05-14,↓ 净流出
广告媒体,-0.50,2026-05-14,↓ 净流出
海量数据,-0.50,2026-05-14,↓ 净流出
油气及炼化工程,-0.50,2026-05-14,↓ 净流出
桂冠电力,-0.51,2026-05-14,↓ 净流出
长城汽车,-0.51,2026-05-14,↓ 净流出
涤纶,-0.51,2026-05-14,↓ 净流出
振石股份,-0.51,2026-05-14,↓ 净流出
巨化股份,-0.51,2026-05-14,↓ 净流出
宝钛股份,-0.51,2026-05-14,↓ 净流出
视频媒体,-0.52,2026-05-14,↓ 净流出
中国中冶,-0.52,2026-05-14,↓ 净流出
平高电气,-0.52,2026-05-14,↓ 净流出
嘉泽新能,-0.52,2026-05-14,↓ 净流出
电子后视镜,-0.52,2026-05-14,↓ 净流出
中国人保,-0.53,2026-05-14,↓ 净流出
中国银行,-0.53,2026-05-14,↓ 净流出
振华重工,-0.53,2026-05-14,↓ 净流出
三孚股份,-0.53,2026-05-14,↓ 净流出
教育出版,-0.53,2026-05-14,↓ 净流出
中信重工,-0.53,2026-05-14,↓ 净流出
海油工程,-0.53,2026-05-14,↓ 净流出
方大炭素,-0.53,2026-05-14,↓ 净流出
酒店餐饮,-0.54,2026-05-14,↓ 净流出
上海贝岭,-0.54,2026-05-14,↓ 净流出
东百集团,-0.54,2026-05-14,↓ 净流出
医美耗材,-0.54,2026-05-14,↓ 净流出
红星发展,-0.54,2026-05-14,↓ 净流出
浙江新能,-0.55,2026-05-14,↓ 净流出
长源东谷,-0.55,2026-05-14,↓ 净流出
兴业银行,-0.55,2026-05-14,↓ 净流出
狮头股份,-0.55,2026-05-14,↓ 净流出
贸易Ⅲ,-0.55,2026-05-14,↓ 净流出
贸易Ⅱ,-0.55,2026-05-14,↓ 净流出
宇通客车,-0.56,2026-05-14,↓ 净流出
南网储能,-0.56,2026-05-14,↓ 净流出
内蒙一机,-0.56,2026-05-14,↓ 净流出
神马电力,-0.56,2026-05-14,↓ 净流出
金晶科技,-0.56,2026-05-14,↓ 净流出
其他数字媒体,-0.56,2026-05-14,↓ 净流出
华域汽车,-0.56,2026-05-14,↓ 净流出
粮油加工,-0.57,2026-05-14,↓ 净流出
恒生电子,-0.57,2026-05-14,↓ 净流出
厨房小家电,-0.57,2026-05-14,↓ 净流出
盛洋科技,-0.58,2026-05-14,↓ 净流出
依顿电子,-0.58,2026-05-14,↓ 净流出
医疗美容,-0.58,2026-05-14,↓ 净流出
苏州高新,-0.58,2026-05-14,↓ 净流出
甘李药业,-0.58,2026-05-14,↓ 净流出
钢铁管材,-0.58,2026-05-14,↓ 净流出
上海洗霸,-0.58,2026-05-14,↓ 净流出
上海建工,-0.58,2026-05-14,↓ 净流出
税友股份,-0.59,2026-05-14,↓ 净流出
中化国际,-0.59,2026-05-14,↓ 净流出
中信证券,-0.59,2026-05-14,↓ 净流出
平煤股份,-0.59,2026-05-14,↓ 净流出
航发科技,-0.60,2026-05-14,↓ 净流出
中国交建,-0.60,2026-05-14,↓ 净流出
科沃斯,-0.60,2026-05-14,↓ 净流出
抚顺特钢,-0.61,2026-05-14,↓ 净流出
油田服务,-0.61,2026-05-14,↓ 净流出
电商服务,-0.61,2026-05-14,↓ 净流出
火电设备,-0.61,2026-05-14,↓ 净流出
金证股份,-0.61,2026-05-14,↓ 净流出
招商银行,-0.61,2026-05-14,↓ 净流出
川投能源,-0.61,2026-05-14,↓ 净流出
房屋建设Ⅲ,-0.61,2026-05-14,↓ 净流出
房屋建设Ⅱ,-0.61,2026-05-14,↓ 净流出
成都银行,-0.61,2026-05-14,↓ 净流出
广西能源,-0.62,2026-05-14,↓ 净流出
中源协和,-0.62,2026-05-14,↓ 净流出
金海通,-0.62,2026-05-14,↓ 净流出
上汽集团,-0.62,2026-05-14,↓ 净流出
吉比特,-0.62,2026-05-14,↓ 净流出
城地香江,-0.62,2026-05-14,↓ 净流出
西部黄金,-0.62,2026-05-14,↓ 净流出
宝胜股份,-0.62,2026-05-14,↓ 净流出
户外露营,-0.63,2026-05-14,↓ 净流出
航天长峰,-0.63,2026-05-14,↓ 净流出
长城科技,-0.63,2026-05-14,↓ 净流出
光大证券,-0.63,2026-05-14,↓ 净流出
法拉电子,-0.63,2026-05-14,↓ 净流出
北方导航,-0.63,2026-05-14,↓ 净流出
贵研铂业,-0.64,2026-05-14,↓ 净流出
国联股份,-0.64,2026-05-14,↓ 净流出
宝光股份,-0.64,2026-05-14,↓ 净流出
海航控股,-0.64,2026-05-14,↓ 净流出
西藏天路,-0.65,2026-05-14,↓ 净流出
方正证券,-0.65,2026-05-14,↓ 净流出
物业管理,-0.65,2026-05-14,↓ 净流出
雪天盐业,-0.65,2026-05-14,↓ 净流出
大胜达,-0.66,2026-05-14,↓ 净流出
广汇能源,-0.66,2026-05-14,↓ 净流出
食品加工,-0.66,2026-05-14,↓ 净流出
其他纺织,-0.67,2026-05-14,↓ 净流出
康美药业,-0.67,2026-05-14,↓ 净流出
中国人寿,-0.67,2026-05-14,↓ 净流出
同方股份,-0.67,2026-05-14,↓ 净流出
电科芯片,-0.68,2026-05-14,↓ 净流出
中国海油,-0.68,2026-05-14,↓ 净流出
中远海能,-0.68,2026-05-14,↓ 净流出
人民网,-0.68,2026-05-14,↓ 净流出
大秦铁路,-0.69,2026-05-14,↓ 净流出
海南机场,-0.69,2026-05-14,↓ 净流出
大众公用,-0.69,2026-05-14,↓ 净流出
华鑫股份,-0.71,2026-05-14,↓ 净流出
冠豪高新,-0.71,2026-05-14,↓ 净流出
食用菌,-0.71,2026-05-14,↓ 净流出
伯特利,-0.71,2026-05-14,↓ 净流出
合富中国,-0.72,2026-05-14,↓ 净流出
工程机械器件,-0.72,2026-05-14,↓ 净流出
中稀有色,-0.72,2026-05-14,↓ 净流出
奥瑞德,-0.72,2026-05-14,↓ 净流出
湘电股份,-0.72,2026-05-14,↓ 净流出
南威软件,-0.73,2026-05-14,↓ 净流出
锦纶,-0.73,2026-05-14,↓ 净流出
德业股份,-0.74,2026-05-14,↓ 净流出
大宗用纸,-0.75,2026-05-14,↓ 净流出
大元泵业,-0.75,2026-05-14,↓ 净流出
淳中科技,-0.76,2026-05-14,↓ 净流出
旅游综合,-0.76,2026-05-14,↓ 净流出
松发股份,-0.76,2026-05-14,↓ 净流出
江苏新能,-0.76,2026-05-14,↓ 净流出
恒润股份,-0.76,2026-05-14,↓ 净流出
水泥制造,-0.77,2026-05-14,↓ 净流出
国电南自,-0.77,2026-05-14,↓ 净流出
其他种植业,-0.77,2026-05-14,↓ 净流出
东方电缆,-0.77,2026-05-14,↓ 净流出
瑞斯康达,-0.77,2026-05-14,↓ 净流出
饰品,-0.77,2026-05-14,↓ 净流出
教育运营及其他,-0.77,2026-05-14,↓ 净流出
大众出版,-0.78,2026-05-14,↓ 净流出
精达股份,-0.78,2026-05-14,↓ 净流出
中粮糖业,-0.78,2026-05-14,↓ 净流出
昭衍新药,-0.79,2026-05-14,↓ 净流出
中船防务,-0.79,2026-05-14,↓ 净流出
综合电商,-0.80,2026-05-14,↓ 净流出
哈投股份,-0.81,2026-05-14,↓ 净流出
其他黑色家电,-0.82,2026-05-14,↓ 净流出
亚星锚链,-0.82,2026-05-14,↓ 净流出
焦炭Ⅲ,-0.82,2026-05-14,↓ 净流出
焦炭Ⅱ,-0.82,2026-05-14,↓ 净流出
照明设备Ⅲ,-0.82,2026-05-14,↓ 净流出
照明设备Ⅱ,-0.82,2026-05-14,↓ 净流出
钟表珠宝,-0.83,2026-05-14,↓ 净流出
预加工食品,-0.84,2026-05-14,↓ 净流出
港口,-0.84,2026-05-14,↓ 净流出
血液制品,-0.84,2026-05-14,↓ 净流出
生活用纸,-0.85,2026-05-14,↓ 净流出
立达信,-0.85,2026-05-14,↓ 净流出
房地产服务,-0.86,2026-05-14,↓ 净流出
仓储物流,-0.86,2026-05-14,↓ 净流出
士兰微,-0.86,2026-05-14,↓ 净流出
动力煤,-0.87,2026-05-14,↓ 净流出
哈药股份,-0.88,2026-05-14,↓ 净流出
高速公路,-0.88,2026-05-14,↓ 净流出
中金公司,-0.88,2026-05-14,↓ 净流出
楼宇设备,-0.89,2026-05-14,↓ 净流出
大气治理,-0.89,2026-05-14,↓ 净流出
长城军工,-0.89,2026-05-14,↓ 净流出
粘胶,-0.89,2026-05-14,↓ 净流出
兖矿能源,-0.90,2026-05-14,↓ 净流出
XD云天化,-0.90,2026-05-14,↓ 净流出
中国一重,-0.90,2026-05-14,↓ 净流出
中安科,-0.91,2026-05-14,↓ 净流出
*ST沐邦,-0.91,2026-05-14,↓ 净流出
图片媒体,-0.91,2026-05-14,↓ 净流出
豪威集团,-0.92,2026-05-14,↓ 净流出
中国太保,-0.93,2026-05-14,↓ 净流出
微盘精选,-0.93,2026-05-14,↓ 净流出
铁矿石,-0.93,2026-05-14,↓ 净流出
大连热电,-0.93,2026-05-14,↓ 净流出
新洁能,-0.93,2026-05-14,↓ 净流出
文娱用品,-0.94,2026-05-14,↓ 净流出
亚翔集成,-0.94,2026-05-14,↓ 净流出
其他农产品加工,-0.94,2026-05-14,↓ 净流出
三星电气,-0.96,2026-05-14,↓ 净流出
均胜电子,-0.97,2026-05-14,↓ 净流出
医院,-0.98,2026-05-14,↓ 净流出
人工景区,-0.98,2026-05-14,↓ 净流出
其他橡胶制品,-0.98,2026-05-14,↓ 净流出
商用载客车,-0.98,2026-05-14,↓ 净流出
中航高科,-0.99,2026-05-14,↓ 净流出
动物保健Ⅲ,-1.00,2026-05-14,↓ 净流出
动物保健Ⅱ,-1.00,2026-05-14,↓ 净流出
振华股份,-1.00,2026-05-14,↓ 净流出
中国巨石,-1.00,2026-05-14,↓ 净流出
鲁信创投,-1.00,2026-05-14,↓ 净流出
爱旭股份,-1.00,2026-05-14,↓ 净流出
通信线缆及配套,-1.02,2026-05-14,↓ 净流出
东方通信,-1.02,2026-05-14,↓ 净流出
派克新材,-1.02,2026-05-14,↓ 净流出
中国石化,-1.03,2026-05-14,↓ 净流出
国机重装,-1.03,2026-05-14,↓ 净流出
中国铁建,-1.03,2026-05-14,↓ 净流出
圣泉集团,-1.04,2026-05-14,↓ 净流出
保利发展,-1.04,2026-05-14,↓ 净流出
彤程新材,-1.05,2026-05-14,↓ 净流出
兴发集团,-1.05,2026-05-14,↓ 净流出
娱乐用品,-1.05,2026-05-14,↓ 净流出
印刷包装机械,-1.06,2026-05-14,↓ 净流出
SPD概念,-1.06,2026-05-14,↓ 净流出
青山纸业,-1.06,2026-05-14,↓ 净流出
装修建材,-1.06,2026-05-14,↓ 净流出
三一重工,-1.07,2026-05-14,↓ 净流出
科森科技,-1.07,2026-05-14,↓ 净流出
低碳冶金,-1.09,2026-05-14,↓ 净流出
宁夏板块,-1.09,2026-05-14,↓ 净流出
棉纺,-1.09,2026-05-14,↓ 净流出
橡胶助剂,-1.09,2026-05-14,↓ 净流出
海南华铁,-1.10,2026-05-14,↓ 净流出
快递,-1.11,2026-05-14,↓ 净流出
油服工程,-1.11,2026-05-14,↓ 净流出
南山铝业,-1.11,2026-05-14,↓ 净流出
浙江东方,-1.12,2026-05-14,↓ 净流出
大唐电信,-1.12,2026-05-14,↓ 净流出
铁路运输,-1.13,2026-05-14,↓ 净流出
三祥新材,-1.13,2026-05-14,↓ 净流出
吉视传媒,-1.13,2026-05-14,↓ 净流出
江钨装备,-1.14,2026-05-14,↓ 净流出
石英股份,-1.14,2026-05-14,↓ 净流出
培训教育,-1.14,2026-05-14,↓ 净流出
石大胜华,-1.15,2026-05-14,↓ 净流出
永泰能源,-1.15,2026-05-14,↓ 净流出
白银有色,-1.15,2026-05-14,↓ 净流出
电工仪器仪表,-1.15,2026-05-14,↓ 净流出
航天机电,-1.16,2026-05-14,↓ 净流出
南方航空,-1.16,2026-05-14,↓ 净流出
龙蟠科技,-1.16,2026-05-14,↓ 净流出
自然景区,-1.17,2026-05-14,↓ 净流出
中国软件,-1.18,2026-05-14,↓ 净流出
三峡能源,-1.18,2026-05-14,↓ 净流出
种子,-1.18,2026-05-14,↓ 净流出
京投发展,-1.19,2026-05-14,↓ 净流出
人造肉,-1.19,2026-05-14,↓ 净流出
个护用品,-1.19,2026-05-14,↓ 净流出
油气开采Ⅲ,-1.21,2026-05-14,↓ 净流出
油气开采Ⅱ,-1.21,2026-05-14,↓ 净流出
运动服装,-1.21,2026-05-14,↓ 净流出
钢结构,-1.21,2026-05-14,↓ 净流出
中国化学,-1.22,2026-05-14,↓ 净流出
太平洋,-1.23,2026-05-14,↓ 净流出
彩电,-1.25,2026-05-14,↓ 净流出
综艺股份,-1.25,2026-05-14,↓ 净流出
清洁小家电,-1.26,2026-05-14,↓ 净流出
中国核电,-1.26,2026-05-14,↓ 净流出
品牌化妆品,-1.27,2026-05-14,↓ 净流出
联德股份,-1.27,2026-05-14,↓ 净流出
其他医疗服务,-1.28,2026-05-14,↓ 净流出
华钰矿业,-1.29,2026-05-14,↓ 净流出
商贸零售,-1.29,2026-05-14,↓ 净流出
化妆品,-1.29,2026-05-14,↓ 净流出
原材料供应链服务,-1.29,2026-05-14,↓ 净流出
彩虹股份,-1.29,2026-05-14,↓ 净流出
出版,-1.31,2026-05-14,↓ 净流出
2025三季报预减,-1.31,2026-05-14,↓ 净流出
金发科技,-1.31,2026-05-14,↓ 净流出
泰豪科技,-1.33,2026-05-14,↓ 净流出
互联网电商,-1.33,2026-05-14,↓ 净流出
转基因,-1.33,2026-05-14,↓ 净流出
国电电力,-1.34,2026-05-14,↓ 净流出
商业地产,-1.34,2026-05-14,↓ 净流出
拓普集团,-1.34,2026-05-14,↓ 净流出
中航机载,-1.35,2026-05-14,↓ 净流出
可燃冰,-1.36,2026-05-14,↓ 净流出
机场,-1.37,2026-05-14,↓ 净流出
招商轮船,-1.37,2026-05-14,↓ 净流出
轮毂电机,-1.38,2026-05-14,↓ 净流出
天风证券,-1.39,2026-05-14,↓ 净流出
三六零,-1.40,2026-05-14,↓ 净流出
东方明珠,-1.40,2026-05-14,↓ 净流出
专业连锁Ⅲ,-1.41,2026-05-14,↓ 净流出
专业连锁Ⅱ,-1.41,2026-05-14,↓ 净流出
商用车,-1.41,2026-05-14,↓ 净流出
地热能,-1.42,2026-05-14,↓ 净流出
国晟科技,-1.43,2026-05-14,↓ 净流出
中国核建,-1.43,2026-05-14,↓ 净流出
远东股份,-1.43,2026-05-14,↓ 净流出
防水材料,-1.43,2026-05-14,↓ 净流出
诊断服务,-1.46,2026-05-14,↓ 净流出
院线,-1.46,2026-05-14,↓ 净流出
托育服务,-1.49,2026-05-14,↓ 净流出
金钼股份,-1.49,2026-05-14,↓ 净流出
专业服务,-1.49,2026-05-14,↓ 净流出
金开新能,-1.51,2026-05-14,↓ 净流出
正泰电器,-1.51,2026-05-14,↓ 净流出
盛和资源,-1.51,2026-05-14,↓ 净流出
检测服务,-1.51,2026-05-14,↓ 净流出
C长裕,-1.52,2026-05-14,↓ 净流出
浙文互联,-1.54,2026-05-14,↓ 净流出
特钢Ⅲ,-1.54,2026-05-14,↓ 净流出
特钢Ⅱ,-1.54,2026-05-14,↓ 净流出
四川长虹,-1.54,2026-05-14,↓ 净流出
杭电股份,-1.55,2026-05-14,↓ 净流出
租赁,-1.56,2026-05-14,↓ 净流出
宁波能源,-1.56,2026-05-14,↓ 净流出
长江电力,-1.58,2026-05-14,↓ 净流出
体外诊断,-1.60,2026-05-14,↓ 净流出
杭钢股份,-1.61,2026-05-14,↓ 净流出
农产品加工,-1.65,2026-05-14,↓ 净流出
机床工具,-1.66,2026-05-14,↓ 净流出
医药商业,-1.67,2026-05-14,↓ 净流出
中金黄金,-1.67,2026-05-14,↓ 净流出
医药流通,-1.69,2026-05-14,↓ 净流出
淮河能源,-1.71,2026-05-14,↓ 净流出
西藏珠峰,-1.71,2026-05-14,↓ 净流出
联创光电,-1.72,2026-05-14,↓ 净流出
利通电子,-1.73,2026-05-14,↓ 净流出
诺德股份,-1.73,2026-05-14,↓ 净流出
世运电路,-1.76,2026-05-14,↓ 净流出
宏达股份,-1.76,2026-05-14,↓ 净流出
复合肥,-1.76,2026-05-14,↓ 净流出
毛发医疗,-1.79,2026-05-14,↓ 净流出
明阳智能,-1.79,2026-05-14,↓ 净流出
钴,-1.79,2026-05-14,↓ 净流出
光伏主材,-1.80,2026-05-14,↓ 净流出
其他建材Ⅲ,-1.80,2026-05-14,↓ 净流出
云赛智联,-1.80,2026-05-14,↓ 净流出
纺织制造,-1.82,2026-05-14,↓ 净流出
纺织化学制品,-1.84,2026-05-14,↓ 净流出
化学工程,-1.84,2026-05-14,↓ 净流出
小家电,-1.86,2026-05-14,↓ 净流出
氮肥,-1.88,2026-05-14,↓ 净流出
瑞芯微,-1.88,2026-05-14,↓ 净流出
美湖股份,-1.88,2026-05-14,↓ 净流出
北汽蓝谷,-1.90,2026-05-14,↓ 净流出
其他通信设备,-1.91,2026-05-14,↓ 净流出
万通发展,-1.92,2026-05-14,↓ 净流出
国泰海通,-1.92,2026-05-14,↓ 净流出
石油石化,-1.92,2026-05-14,↓ 净流出
东材科技,-1.94,2026-05-14,↓ 净流出
服装家纺,-1.95,2026-05-14,↓ 净流出
其他化学纤维,-1.96,2026-05-14,↓ 净流出
璞泰来,-1.97,2026-05-14,↓ 净流出
维科技术,-1.99,2026-05-14,↓ 净流出
中航沈飞,-1.99,2026-05-14,↓ 净流出
应流股份,-2.00,2026-05-14,↓ 净流出
冶钢辅料,-2.01,2026-05-14,↓ 净流出
中国中铁,-2.01,2026-05-14,↓ 净流出
江西铜业,-2.02,2026-05-14,↓ 净流出
赤峰黄金,-2.03,2026-05-14,↓ 净流出
保变电气,-2.05,2026-05-14,↓ 净流出
橡胶,-2.06,2026-05-14,↓ 净流出
赛力斯,-2.06,2026-05-14,↓ 净流出
黑色家电,-2.07,2026-05-14,↓ 净流出
装修装饰Ⅲ,-2.08,2026-05-14,↓ 净流出
装修装饰Ⅱ,-2.08,2026-05-14,↓ 净流出
华能国际,-2.10,2026-05-14,↓ 净流出
北交所概念,-2.11,2026-05-14,↓ 净流出
浙江荣泰,-2.12,2026-05-14,↓ 净流出
美诺华,-2.13,2026-05-14,↓ 净流出
航发动力,-2.13,2026-05-14,↓ 净流出
XD禾望电,-2.13,2026-05-14,↓ 净流出
特种纸,-2.15,2026-05-14,↓ 净流出
大位科技,-2.16,2026-05-14,↓ 净流出
食品安全,-2.18,2026-05-14,↓ 净流出
拼多多概念,-2.19,2026-05-14,↓ 净流出
华电新能,-2.20,2026-05-14,↓ 净流出
医废处理,-2.22,2026-05-14,↓ 净流出
华电国际,-2.22,2026-05-14,↓ 净流出
环旭电子,-2.22,2026-05-14,↓ 净流出
股份制银行Ⅲ,-2.23,2026-05-14,↓ 净流出
中科曙光,-2.24,2026-05-14,↓ 净流出
新华保险,-2.25,2026-05-14,↓ 净流出
甘肃板块,-2.25,2026-05-14,↓ 净流出
航天工程,-2.26,2026-05-14,↓ 净流出
青蒿素,-2.26,2026-05-14,↓ 净流出
斯达半导,-2.28,2026-05-14,↓ 净流出
钼,-2.28,2026-05-14,↓ 净流出
教育,-2.28,2026-05-14,↓ 净流出
博迁新材,-2.31,2026-05-14,↓ 净流出
其他化学原料,-2.33,2026-05-14,↓ 净流出
彩票概念,-2.34,2026-05-14,↓ 净流出
通信终端及配件,-2.34,2026-05-14,↓ 净流出
辽宁能源,-2.35,2026-05-14,↓ 净流出
核力发电,-2.36,2026-05-14,↓ 净流出
立昂微,-2.37,2026-05-14,↓ 净流出
金融信息服务,-2.37,2026-05-14,↓ 净流出
上海电力,-2.37,2026-05-14,↓ 净流出
宏和科技,-2.37,2026-05-14,↓ 净流出
肝素概念,-2.38,2026-05-14,↓ 净流出
其他电子Ⅲ,-2.39,2026-05-14,↓ 净流出
其他电子Ⅱ,-2.39,2026-05-14,↓ 净流出
黄河旋风,-2.39,2026-05-14,↓ 净流出
四方股份,-2.41,2026-05-14,↓ 净流出
供销社概念,-2.44,2026-05-14,↓ 净流出
农药,-2.45,2026-05-14,↓ 净流出
五洲新春,-2.46,2026-05-14,↓ 净流出
食品饮料,-2.48,2026-05-14,↓ 净流出
长飞光纤,-2.48,2026-05-14,↓ 净流出
铁路公路,-2.49,2026-05-14,↓ 净流出
钛白粉概念,-2.52,2026-05-14,↓ 净流出
张江高科,-2.55,2026-05-14,↓ 净流出
杉杉股份,-2.60,2026-05-14,↓ 净流出
水务及水治理,-2.63,2026-05-14,↓ 净流出
超跌股,-2.63,2026-05-14,↓ 净流出
东睦股份,-2.64,2026-05-14,↓ 净流出
剑桥科技,-2.68,2026-05-14,↓ 净流出
草甘膦,-2.69,2026-05-14,↓ 净流出
粮食概念,-2.70,2026-05-14,↓ 净流出
盛屯矿业,-2.73,2026-05-14,↓ 净流出
非金属材料Ⅲ,-2.73,2026-05-14,↓ 净流出
非金属材料Ⅱ,-2.73,2026-05-14,↓ 净流出
卧龙电驱,-2.79,2026-05-14,↓ 净流出
航空运输,-2.86,2026-05-14,↓ 净流出
造纸,-2.90,2026-05-14,↓ 净流出
旅游及景区,-2.90,2026-05-14,↓ 净流出
旅游酒店,-2.93,2026-05-14,↓ 净流出
重组蛋白,-2.94,2026-05-14,↓ 净流出
冶钢原料,-2.94,2026-05-14,↓ 净流出
产业地产,-3.00,2026-05-14,↓ 净流出
综合乘用车,-3.00,2026-05-14,↓ 净流出
共享经济,-3.02,2026-05-14,↓ 净流出
数字阅读,-3.03,2026-05-14,↓ 净流出
焦煤,-3.04,2026-05-14,↓ 净流出
阿兹海默,-3.04,2026-05-14,↓ 净流出
DRG/DIP,-3.04,2026-05-14,↓ 净流出
种植业,-3.05,2026-05-14,↓ 净流出
美容护理,-3.06,2026-05-14,↓ 净流出
轮胎轮毂,-3.06,2026-05-14,↓ 净流出
碳化硅,-3.08,2026-05-14,↓ 净流出
调味品概念,-3.09,2026-05-14,↓ 净流出
熔盐储能,-3.09,2026-05-14,↓ 净流出
仪器仪表,-3.10,2026-05-14,↓ 净流出
固废治理,-3.13,2026-05-14,↓ 净流出
社保重仓,-3.16,2026-05-14,↓ 净流出
永杉锂业,-3.17,2026-05-14,↓ 净流出
维生素,-3.18,2026-05-14,↓ 净流出
印刷,-3.19,2026-05-14,↓ 净流出
电视广播Ⅲ,-3.19,2026-05-14,↓ 净流出
电视广播Ⅱ,-3.19,2026-05-14,↓ 净流出
车身附件及饰件,-3.25,2026-05-14,↓ 净流出
农药兽药,-3.26,2026-05-14,↓ 净流出
2025三季报扭亏,-3.28,2026-05-14,↓ 净流出
山东黄金,-3.29,2026-05-14,↓ 净流出
原料药,-3.32,2026-05-14,↓ 净流出
制冷空调设备,-3.36,2026-05-14,↓ 净流出
改性塑料,-3.36,2026-05-14,↓ 净流出
宠物经济,-3.40,2026-05-14,↓ 净流出
酿酒概念,-3.40,2026-05-14,↓ 净流出
培育钻石,-3.40,2026-05-14,↓ 净流出
2026—季报预减,-3.45,2026-05-14,↓ 净流出
隆基绿能,-3.48,2026-05-14,↓ 净流出
科创板做市商,-3.50,2026-05-14,↓ 净流出
氟化工,-3.52,2026-05-14,↓ 净流出
滨海新区,-3.53,2026-05-14,↓ 净流出
物流,-3.59,2026-05-14,↓ 净流出
啤酒概念,-3.62,2026-05-14,↓ 净流出
西部矿业,-3.68,2026-05-14,↓ 净流出
电能综合服务,-3.72,2026-05-14,↓ 净流出
其他塑料制品,-3.74,2026-05-14,↓ 净流出
化学纤维,-3.79,2026-05-14,↓ 净流出
金属包装,-3.80,2026-05-14,↓ 净流出
贵州茅台,-3.80,2026-05-14,↓ 净流出
磁性材料,-3.81,2026-05-14,↓ 净流出
价值股,-3.84,2026-05-14,↓ 净流出
股权转让,-3.84,2026-05-14,↓ 净流出
磨具磨料,-3.84,2026-05-14,↓ 净流出
电动乘用车,-3.84,2026-05-14,↓ 净流出
红板科技,-3.85,2026-05-14,↓ 净流出
裸眼3D,-3.87,2026-05-14,↓ 净流出
煤炭开采,-3.91,2026-05-14,↓ 净流出
免税概念,-3.91,2026-05-14,↓ 净流出
中国动力,-3.95,2026-05-14,↓ 净流出
白酒Ⅲ,-4.00,2026-05-14,↓ 净流出
白酒Ⅱ,-4.00,2026-05-14,↓ 净流出
白酒,-4.00,2026-05-14,↓ 净流出
钒电池,-4.01,2026-05-14,↓ 净流出
统一大市场,-4.02,2026-05-14,↓ 净流出
地下管网,-4.05,2026-05-14,↓ 净流出
粤港自贸,-4.10,2026-05-14,↓ 净流出
综合环境治理,-4.11,2026-05-14,↓ 净流出
铝,-4.13,2026-05-14,↓ 净流出
中药Ⅲ,-4.13,2026-05-14,↓ 净流出
中药Ⅱ,-4.13,2026-05-14,↓ 净流出
电子纸概念,-4.14,2026-05-14,↓ 净流出
发电机概念,-4.16,2026-05-14,↓ 净流出
文字媒体,-4.19,2026-05-14,↓ 净流出
东阳光,-4.20,2026-05-14,↓ 净流出
航天动力,-4.20,2026-05-14,↓ 净流出
C2M概念,-4.23,2026-05-14,↓ 净流出
航空机场,-4.23,2026-05-14,↓ 净流出
房屋检测,-4.24,2026-05-14,↓ 净流出
化学原料,-4.25,2026-05-14,↓ 净流出
烽火通信,-4.29,2026-05-14,↓ 净流出
中国船舶,-4.38,2026-05-14,↓ 净流出
医疗耗材,-4.42,2026-05-14,↓ 净流出
国电南瑞,-4.42,2026-05-14,↓ 净流出
数据港,-4.43,2026-05-14,↓ 净流出
资源开采概念,-4.47,2026-05-14,↓ 净流出
汽车电子电气系统,-4.51,2026-05-14,↓ 净流出
中国电建,-4.53,2026-05-14,↓ 净流出
纺织服饰,-4.54,2026-05-14,↓ 净流出
化妆品概念,-4.57,2026-05-14,↓ 净流出
通信网络设备及器件,-4.60,2026-05-14,↓ 净流出
门户网站,-4.72,2026-05-14,↓ 净流出
煤炭,-4.73,2026-05-14,↓ 净流出
模拟芯片设计,-4.75,2026-05-14,↓ 净流出
新型城镇化,-4.80,2026-05-14,↓ 净流出
微盘股,-4.87,2026-05-14,↓ 净流出
快递概念,-4.93,2026-05-14,↓ 净流出
民爆制品,-4.96,2026-05-14,↓ 净流出
电子车牌,-4.96,2026-05-14,↓ 净流出
无机盐,-5.01,2026-05-14,↓ 净流出
生物质能发电,-5.02,2026-05-14,↓ 净流出
PLC概念,-5.02,2026-05-14,↓ 净流出
有机硅概念,-5.06,2026-05-14,↓ 净流出
太极实业,-5.07,2026-05-14,↓ 净流出
洛阳钼业,-5.11,2026-05-14,↓ 净流出
破发股,-5.13,2026-05-14,↓ 净流出
景旺电子,-5.16,2026-05-14,↓ 净流出
集成电路制造,-5.20,2026-05-14,↓ 净流出
特色药,-5.24,2026-05-14,↓ 净流出
同步磁阻电机,-5.25,2026-05-14,↓ 净流出
农林牧渔,-5.28,2026-05-14,↓ 净流出
工程机械整机,-5.31,2026-05-14,↓ 净流出
包钢股份,-5.33,2026-05-14,↓ 净流出
地面兵装Ⅲ,-5.34,2026-05-14,↓ 净流出
地面兵装Ⅱ,-5.34,2026-05-14,↓ 净流出
独家药品,-5.36,2026-05-14,↓ 净流出
轨交设备Ⅲ,-5.45,2026-05-14,↓ 净流出
轨交设备Ⅱ,-5.45,2026-05-14,↓ 净流出
增强现实,-5.56,2026-05-14,↓ 净流出
屏下摄像,-5.63,2026-05-14,↓ 净流出
药明康德,-5.66,2026-05-14,↓ 净流出
磷肥及磷化工,-5.68,2026-05-14,↓ 净流出
抗菌面料,-5.70,2026-05-14,↓ 净流出
租售同权,-5.77,2026-05-14,↓ 净流出
页岩气,-5.78,2026-05-14,↓ 净流出
亨通光电,-5.79,2026-05-14,↓ 净流出
金融控股,-5.83,2026-05-14,↓ 净流出
半导体材料,-5.84,2026-05-14,↓ 净流出
免疫治疗,-5.95,2026-05-14,↓ 净流出
医疗设备,-5.96,2026-05-14,↓ 净流出
再升科技,-6.00,2026-05-14,↓ 净流出
工程机械,-6.02,2026-05-14,↓ 净流出
通信工程及服务,-6.03,2026-05-14,↓ 净流出
建筑节能,-6.07,2026-05-14,↓ 净流出
MLOps概念,-6.07,2026-05-14,↓ 净流出
工程咨询服务Ⅲ,-6.16,2026-05-14,↓ 净流出
工程咨询服务Ⅱ,-6.16,2026-05-14,↓ 净流出
土地流转,-6.18,2026-05-14,↓ 净流出
空间计算,-6.22,2026-05-14,↓ 净流出
安防设备,-6.22,2026-05-14,↓ 净流出
汽车拆解,-6.24,2026-05-14,↓ 净流出
环保设备Ⅲ,-6.25,2026-05-14,↓ 净流出
环保设备Ⅱ,-6.25,2026-05-14,↓ 净流出
恒瑞医药,-6.27,2026-05-14,↓ 净流出
荣耀概念,-6.29,2026-05-14,↓ 净流出
幽门螺杆菌概念,-6.34,2026-05-14,↓ 净流出
汽车一体化压铸,-6.43,2026-05-14,↓ 净流出
生物疫苗,-6.43,2026-05-14,↓ 净流出
ERP概念,-6.59,2026-05-14,↓ 净流出
造纸印刷,-6.60,2026-05-14,↓ 净流出
热力服务,-6.65,2026-05-14,↓ 净流出
油气设服,-6.72,2026-05-14,↓ 净流出
中国卫通,-6.74,2026-05-14,↓ 净流出
电机Ⅲ,-6.77,2026-05-14,↓ 净流出
电机Ⅱ,-6.77,2026-05-14,↓ 净流出
兆易创新,-6.79,2026-05-14,↓ 净流出
交运设备,-6.84,2026-05-14,↓ 净流出
乘用车,-6.85,2026-05-14,↓ 净流出
锂电专用设备,-6.87,2026-05-14,↓ 净流出
其他金属新材料,-6.93,2026-05-14,↓ 净流出
社会服务,-7.06,2026-05-14,↓ 净流出
东方电气,-7.09,2026-05-14,↓ 净流出
配电设备,-7.11,2026-05-14,↓ 净流出
综合Ⅲ,-7.14,2026-05-14,↓ 净流出
综合,-7.14,2026-05-14,↓ 净流出
综合Ⅱ,-7.14,2026-05-14,↓ 净流出
西藏板块,-7.20,2026-05-14,↓ 净流出
林业Ⅲ,-7.27,2026-05-14,↓ 净流出
林业Ⅱ,-7.27,2026-05-14,↓ 净流出
汽车整车,-7.30,2026-05-14,↓ 净流出
其他生物制品,-7.33,2026-05-14,↓ 净流出
智慧灯杆,-7.34,2026-05-14,↓ 净流出
板材,-7.34,2026-05-14,↓ 净流出
光学元件,-7.36,2026-05-14,↓ 净流出
新零售,-7.37,2026-05-14,↓ 净流出
水力发电,-7.39,2026-05-14,↓ 净流出
天通股份,-7.43,2026-05-14,↓ 净流出
味蕾经济,-7.44,2026-05-14,↓ 净流出
纸包装,-7.48,2026-05-14,↓ 净流出
交通运输,-7.53,2026-05-14,↓ 净流出
纳米银,-7.54,2026-05-14,↓ 净流出
影视动漫制作,-7.55,2026-05-14,↓ 净流出
广西板块,-7.58,2026-05-14,↓ 净流出
华电能源,-7.62,2026-05-14,↓ 净流出
面板,-7.69,2026-05-14,↓ 净流出
生益科技,-7.72,2026-05-14,↓ 净流出
合成树脂,-7.75,2026-05-14,↓ 净流出
零售概念,-7.77,2026-05-14,↓ 净流出
机器人,-7.92,2026-05-14,↓ 净流出
镍,-7.95,2026-05-14,↓ 净流出
华友钴业,-7.95,2026-05-14,↓ 净流出
精准诊断,-8.00,2026-05-14,↓ 净流出
厦门钨业,-8.13,2026-05-14,↓ 净流出
生物制品,-8.15,2026-05-14,↓ 净流出
普钢,-8.18,2026-05-14,↓ 净流出
白银,-8.19,2026-05-14,↓ 净流出
其他汽车零部件,-8.20,2026-05-14,↓ 净流出
超级品牌,-8.21,2026-05-14,↓ 净流出
蓄电池及其他电池,-8.35,2026-05-14,↓ 净流出
尾气治理,-8.37,2026-05-14,↓ 净流出
显示技术,-8.40,2026-05-14,↓ 净流出
上海电气,-8.41,2026-05-14,↓ 净流出
辅助生殖,-8.43,2026-05-14,↓ 净流出
基因测序,-8.55,2026-05-14,↓ 净流出
航天电子,-8.58,2026-05-14,↓ 净流出
体外诊断概念,-8.67,2026-05-14,↓ 净流出
智能电视,-8.71,2026-05-14,↓ 净流出
玻纤制造,-8.72,2026-05-14,↓ 净流出
华电辽能,-8.75,2026-05-14,↓ 净流出
玻璃玻纤,-8.83,2026-05-14,↓ 净流出
膜材料,-8.96,2026-05-14,↓ 净流出
影视院线,-9.01,2026-05-14,↓ 净流出
华胜天成,-9.05,2026-05-14,↓ 净流出
中国能建,-9.08,2026-05-14,↓ 净流出
ETC,-9.15,2026-05-14,↓ 净流出
吉林板块,-9.16,2026-05-14,↓ 净流出
盲盒经济,-9.19,2026-05-14,↓ 净流出
住宅开发,-9.35,2026-05-14,↓ 净流出
多元金融,-9.38,2026-05-14,↓ 净流出
精准医疗,-9.41,2026-05-14,↓ 净流出
其他专业工程,-9.42,2026-05-14,↓ 净流出
EDR概念,-9.46,2026-05-14,↓ 净流出
GDR,-9.46,2026-05-14,↓ 净流出
电子身份证,-9.50,2026-05-14,↓ 净流出
冰雪经济,-9.53,2026-05-14,↓ 净流出
上海自贸,-9.58,2026-05-14,↓ 净流出
海绵城市,-9.58,2026-05-14,↓ 净流出
REITs概念,-9.63,2026-05-14,↓ 净流出
建筑材料,-9.71,2026-05-14,↓ 净流出
农业种植,-9.74,2026-05-14,↓ 净流出
方正科技,-9.76,2026-05-14,↓ 净流出
中俄贸易概念,-9.79,2026-05-14,↓ 净流出
被动元件,-9.82,2026-05-14,↓ 净流出
中国平安,-9.84,2026-05-14,↓ 净流出
2026—季报扭亏,-9.85,2026-05-14,↓ 净流出
通信设备,-9.87,2026-05-14,↓ 净流出
贵州板块,-9.93,2026-05-14,↓ 净流出
核污染防治,-9.97,2026-05-14,↓ 净流出
医美概念,-10.05,2026-05-14,↓ 净流出
降解塑料,-10.13,2026-05-14,↓ 净流出
长电科技,-10.19,2026-05-14,↓ 净流出
工业大麻,-10.21,2026-05-14,↓ 净流出
麒麟电池,-10.27,2026-05-14,↓ 净流出
病毒防治,-10.31,2026-05-14,↓ 净流出
数字水印,-10.41,2026-05-14,↓ 净流出
CAR-T细胞疗法,-10.43,2026-05-14,↓ 净流出
磁悬浮概念,-10.66,2026-05-14,↓ 净流出
中国西电,-10.70,2026-05-14,↓ 净流出
金属新材料,-10.74,2026-05-14,↓ 净流出
环境治理,-10.76,2026-05-14,↓ 净流出
PVDF概念,-10.87,2026-05-14,↓ 净流出
数字媒体,-10.90,2026-05-14,↓ 净流出
风电零部件,-10.93,2026-05-14,↓ 净流出
知识产权,-10.99,2026-05-14,↓ 净流出
肝炎概念,-11.12,2026-05-14,↓ 净流出
红利股,-11.17,2026-05-14,↓ 净流出
包装材料,-11.17,2026-05-14,↓ 净流出
胎压监测,-11.25,2026-05-14,↓ 净流出
生态农业,-11.27,2026-05-14,↓ 净流出
超级电容,-11.58,2026-05-14,↓ 净流出
医疗研发外包,-11.61,2026-05-14,↓ 净流出
首发经济,-11.67,2026-05-14,↓ 净流出
专业工程,-11.84,2026-05-14,↓ 净流出
医疗器械,-11.97,2026-05-14,↓ 净流出
特变电工,-11.98,2026-05-14,↓ 净流出
航海装备Ⅲ,-11.99,2026-05-14,↓ 净流出
航海装备Ⅱ,-11.99,2026-05-14,↓ 净流出
节能风电,-12.12,2026-05-14,↓ 净流出
复合集流体,-12.17,2026-05-14,↓ 净流出
刀片电池,-12.29,2026-05-14,↓ 净流出
第四代半导体,-12.32,2026-05-14,↓ 净流出
钾肥,-12.33,2026-05-14,↓ 净流出
内贸流通,-12.38,2026-05-14,↓ 净流出
垃圾分类,-12.46,2026-05-14,↓ 净流出
CRO,-12.48,2026-05-14,↓ 净流出
北方稀土,-12.55,2026-05-14,↓ 净流出
土壤修复,-12.57,2026-05-14,↓ 净流出
乡村振兴,-12.59,2026-05-14,↓ 净流出
山西板块,-12.64,2026-05-14,↓ 净流出
钢铁,-12.65,2026-05-14,↓ 净流出
体育产业,-12.72,2026-05-14,↓ 净流出
旅游概念,-12.74,2026-05-14,↓ 净流出
华为欧拉,-12.80,2026-05-14,↓ 净流出
AIPC,-12.82,2026-05-14,↓ 净流出
海南板块,-12.98,2026-05-14,↓ 净流出
空气能热泵,-13.08,2026-05-14,↓ 净流出
VPN,-13.12,2026-05-14,↓ 净流出
工程机械概念,-13.28,2026-05-14,↓ 净流出
黄金,-13.35,2026-05-14,↓ 净流出
光学光电子,-13.55,2026-05-14,↓ 净流出
房地产开发,-13.69,2026-05-14,↓ 净流出
保险Ⅲ,-14.21,2026-05-14,↓ 净流出
保险Ⅱ,-14.21,2026-05-14,↓ 净流出
单抗概念,-14.22,2026-05-14,↓ 净流出
超导概念,-14.22,2026-05-14,↓ 净流出
其他通用设备,-14.33,2026-05-14,↓ 净流出
包装印刷,-14.36,2026-05-14,↓ 净流出
大唐发电,-14.38,2026-05-14,↓ 净流出
电网自动化设备,-14.52,2026-05-14,↓ 净流出
房地产,-14.54,2026-05-14,↓ 净流出
风电整机,-14.56,2026-05-14,↓ 净流出
MicroLED,-14.59,2026-05-14,↓ 净流出
天然气,-14.64,2026-05-14,↓ 净流出
流感,-14.68,2026-05-14,↓ 净流出
专用设备,-14.72,2026-05-14,↓ 净流出
能源及重型设备,-14.86,2026-05-14,↓ 净流出
婴童概念,-14.91,2026-05-14,↓ 净流出
高带宽内存,-14.92,2026-05-14,↓ 净流出
游戏Ⅲ,-15.05,2026-05-14,↓ 净流出
游戏Ⅱ,-15.05,2026-05-14,↓ 净流出
医疗服务,-15.32,2026-05-14,↓ 净流出
紫金矿业,-15.39,2026-05-14,↓ 净流出
综合电力设备商,-15.50,2026-05-14,↓ 净流出
碳纤维,-15.52,2026-05-14,↓ 净流出
底盘与发动机系统,-15.77,2026-05-14,↓ 净流出
合成生物,-15.79,2026-05-14,↓ 净流出
铜缆高速连接,-15.81,2026-05-14,↓ 净流出
民爆概念,-15.83,2026-05-14,↓ 净流出
AB股,-15.93,2026-05-14,↓ 净流出
数据确权,-15.97,2026-05-14,↓ 净流出
AI制药（医疗）,-16.12,2026-05-14,↓ 净流出
金属制品,-16.21,2026-05-14,↓ 净流出
油气资源,-16.27,2026-05-14,↓ 净流出
稀土,-16.39,2026-05-14,↓ 净流出
减肥药,-16.45,2026-05-14,↓ 净流出
电子竞技,-16.46,2026-05-14,↓ 净流出
通信应用增值服务,-16.51,2026-05-14,↓ 净流出
财税数字化,-16.53,2026-05-14,↓ 净流出
蓝宝石,-16.62,2026-05-14,↓ 净流出
装配建筑,-16.63,2026-05-14,↓ 净流出
3D玻璃,-16.68,2026-05-14,↓ 净流出
跨境支付,-16.69,2026-05-14,↓ 净流出
铁路基建,-16.80,2026-05-14,↓ 净流出
沪企改革,-16.92,2026-05-14,↓ 净流出
环保,-17.01,2026-05-14,↓ 净流出
青海板块,-17.13,2026-05-14,↓ 净流出
机器视觉,-17.44,2026-05-14,↓ 净流出
激光设备,-17.47,2026-05-14,↓ 净流出
重庆板块,-17.49,2026-05-14,↓ 净流出
轻工制造,-17.59,2026-05-14,↓ 净流出
中国卫星,-17.89,2026-05-14,↓ 净流出
横向通用软件,-17.91,2026-05-14,↓ 净流出
煤化工概念,-17.96,2026-05-14,↓ 净流出
3D摄像头,-18.01,2026-05-14,↓ 净流出
京津冀,-18.23,2026-05-14,↓ 净流出
半导体设备,-18.39,2026-05-14,↓ 净流出
全息技术,-18.45,2026-05-14,↓ 净流出
黑龙江,-18.46,2026-05-14,↓ 净流出
化学制剂,-18.46,2026-05-14,↓ 净流出
低价股,-18.49,2026-05-14,↓ 净流出
影视概念,-18.61,2026-05-14,↓ 净流出
电子化学品Ⅲ,-18.79,2026-05-14,↓ 净流出
电子化学品Ⅱ,-18.79,2026-05-14,↓ 净流出
通信服务,-19.07,2026-05-14,↓ 净流出
逆变器,-19.11,2026-05-14,↓ 净流出
蚂蚁概念,-19.12,2026-05-14,↓ 净流出
集成电路封测,-19.19,2026-05-14,↓ 净流出
钨,-19.31,2026-05-14,↓ 净流出
腾讯云,-19.32,2026-05-14,↓ 净流出
F5G概念,-19.40,2026-05-14,↓ 净流出
Kimi概念,-19.42,2026-05-14,↓ 净流出
先进封装,-19.44,2026-05-14,↓ 净流出
河南板块,-19.64,2026-05-14,↓ 净流出
家电零部件Ⅲ,-19.68,2026-05-14,↓ 净流出
家电零部件Ⅱ,-19.68,2026-05-14,↓ 净流出
AI眼镜,-20.25,2026-05-14,↓ 净流出
风力发电,-20.52,2026-05-14,↓ 净流出
基建市政工程,-20.64,2026-05-14,↓ 净流出
PEEK材料概念,-20.71,2026-05-14,↓ 净流出
基础建设,-20.83,2026-05-14,↓ 净流出
化工原料,-20.87,2026-05-14,↓ 净流出
中药概念,-20.99,2026-05-14,↓ 净流出
飞行汽车(eVTOL),-21.01,2026-05-14,↓ 净流出
冷链物流,-21.03,2026-05-14,↓ 净流出
河北板块,-21.15,2026-05-14,↓ 净流出
人脑工程,-21.28,2026-05-14,↓ 净流出
贵金属,-21.54,2026-05-14,↓ 净流出
病原体防治,-21.56,2026-05-14,↓ 净流出
换电概念,-21.63,2026-05-14,↓ 净流出
微利股,-21.68,2026-05-14,↓ 净流出
化学制药,-21.78,2026-05-14,↓ 净流出
IPv6,-22.25,2026-05-14,↓ 净流出
ST股,-22.29,2026-05-14,↓ 净流出
长期破净,-22.31,2026-05-14,↓ 净流出
其他电源设备Ⅲ,-22.31,2026-05-14,↓ 净流出
磷化工,-22.57,2026-05-14,↓ 净流出
家用电器,-22.68,2026-05-14,↓ 净流出
云南板块,-22.88,2026-05-14,↓ 净流出
新消费,-22.89,2026-05-14,↓ 净流出
锂电池,-23.11,2026-05-14,↓ 净流出
江西板块,-23.36,2026-05-14,↓ 净流出
工程建设,-23.71,2026-05-14,↓ 净流出
化债(AMC)概念,-23.79,2026-05-14,↓ 净流出
塑料,-23.82,2026-05-14,↓ 净流出
农化制品,-24.10,2026-05-14,↓ 净流出
昨日打二板以上表现,-24.51,2026-05-14,↓ 净流出
国资云概念,-24.74,2026-05-14,↓ 净流出
自动化设备,-24.92,2026-05-14,↓ 净流出
东北振兴,-25.08,2026-05-14,↓ 净流出
玻璃基板,-25.37,2026-05-14,↓ 净流出
职业教育,-25.48,2026-05-14,↓ 净流出
风电设备,-25.49,2026-05-14,↓ 净流出
线缆部件及其他,-25.71,2026-05-14,↓ 净流出
参股保险,-25.76,2026-05-14,↓ 净流出
创新医疗服务,-25.76,2026-05-14,↓ 净流出
生物识别,-25.84,2026-05-14,↓ 净流出
科创板做市股,-25.87,2026-05-14,↓ 净流出
船舶制造,-25.88,2026-05-14,↓ 净流出
营销代理,-26.35,2026-05-14,↓ 净流出
湖南板块,-26.43,2026-05-14,↓ 净流出
其他小金属,-26.64,2026-05-14,↓ 净流出
数字孪生,-26.75,2026-05-14,↓ 净流出
广告营销,-26.85,2026-05-14,↓ 净流出
锂,-26.97,2026-05-14,↓ 净流出
湖北自贸,-27.12,2026-05-14,↓ 净流出
谷子经济,-27.15,2026-05-14,↓ 净流出
辽宁板块,-27.36,2026-05-14,↓ 净流出
光刻机(胶),-27.54,2026-05-14,↓ 净流出
MiniLED,-27.67,2026-05-14,↓ 净流出
机器人执行器,-27.81,2026-05-14,↓ 净流出
石墨烯,-27.95,2026-05-14,↓ 净流出
新疆板块,-27.97,2026-05-14,↓ 净流出
内蒙古,-28.15,2026-05-14,↓ 净流出
数字货币,-28.24,2026-05-14,↓ 净流出
昨日炸板,-28.69,2026-05-14,↓ 净流出
WiFi,-28.72,2026-05-14,↓ 净流出
氟化工概念,-28.90,2026-05-14,↓ 净流出
通信,-28.94,2026-05-14,↓ 净流出
参股期货,-29.48,2026-05-14,↓ 净流出
垂直应用软件,-29.67,2026-05-14,↓ 净流出
昨日触板,-29.98,2026-05-14,↓ 净流出
通用航空,-30.07,2026-05-14,↓ 净流出
IGBT概念,-30.20,2026-05-14,↓ 净流出
UWB概念,-30.29,2026-05-14,↓ 净流出
AI语料,-30.63,2026-05-14,↓ 净流出
华为昇腾,-30.65,2026-05-14,↓ 净流出
航空装备Ⅲ,-31.03,2026-05-14,↓ 净流出
航空装备Ⅱ,-31.03,2026-05-14,↓ 净流出
汽车热管理,-31.13,2026-05-14,↓ 净流出
并购重组概念,-31.19,2026-05-14,↓ 净流出
成渝特区,-31.22,2026-05-14,↓ 净流出
3D打印,-31.58,2026-05-14,↓ 净流出
证券Ⅲ,-32.19,2026-05-14,↓ 净流出
证券Ⅱ,-32.19,2026-05-14,↓ 净流出
智谱AI概念,-32.21,2026-05-14,↓ 净流出
破净股,-32.28,2026-05-14,↓ 净流出
养老概念,-32.79,2026-05-14,↓ 净流出
汽车芯片,-32.92,2026-05-14,↓ 净流出
虚拟机器人,-33.67,2026-05-14,↓ 净流出
海南自贸,-33.68,2026-05-14,↓ 净流出
智慧政务,-33.75,2026-05-14,↓ 净流出
PPP模式,-34.41,2026-05-14,↓ 净流出
MLCC,-34.74,2026-05-14,↓ 净流出
汽车零部件,-34.79,2026-05-14,↓ 净流出
小米汽车,-35.02,2026-05-14,↓ 净流出
天津板块,-35.36,2026-05-14,↓ 净流出
混合现实,-35.46,2026-05-14,↓ 净流出
创新药,-35.59,2026-05-14,↓ 净流出
航母概念,-35.96,2026-05-14,↓ 净流出
华为海思,-36.13,2026-05-14,↓ 净流出
养老金,-36.30,2026-05-14,↓ 净流出
空间站概念,-36.37,2026-05-14,↓ 净流出
能源金属,-36.71,2026-05-14,↓ 净流出
时空大数据,-36.96,2026-05-14,↓ 净流出
铜,-37.05,2026-05-14,↓ 净流出
IPO受益,-37.30,2026-05-14,↓ 净流出
被动元件概念,-37.53,2026-05-14,↓ 净流出
工业母机,-37.58,2026-05-14,↓ 净流出
移动支付,-38.01,2026-05-14,↓ 净流出
工业金属,-38.03,2026-05-14,↓ 净流出
其他电源设备Ⅱ,-38.42,2026-05-14,↓ 净流出
第三代半导体,-39.02,2026-05-14,↓ 净流出
多模态AI,-39.42,2026-05-14,↓ 净流出
华为汽车,-39.97,2026-05-14,↓ 净流出
航天装备Ⅲ,-40.05,2026-05-14,↓ 净流出
航天装备Ⅱ,-40.05,2026-05-14,↓ 净流出
快手概念,-40.83,2026-05-14,↓ 净流出
输变电设备,-40.95,2026-05-14,↓ 净流出
碳交易,-41.22,2026-05-14,↓ 净流出
建筑装饰,-41.53,2026-05-14,↓ 净流出
工业富联,-41.80,2026-05-14,↓ 净流出
小红书概念,-41.98,2026-05-14,↓ 净流出
军工电子Ⅲ,-42.22,2026-05-14,↓ 净流出
军工电子Ⅱ,-42.22,2026-05-14,↓ 净流出
通用设备,-42.51,2026-05-14,↓ 净流出
Web3.0,-42.69,2026-05-14,↓ 净流出
汽车,-42.90,2026-05-14,↓ 净流出
传感器,-43.00,2026-05-14,↓ 净流出
高压快充,-43.27,2026-05-14,↓ 净流出
LED概念,-44.06,2026-05-14,↓ 净流出
券商概念,-44.23,2026-05-14,↓ 净流出
安防概念,-44.26,2026-05-14,↓ 净流出
短剧互动游戏,-45.26,2026-05-14,↓ 净流出
稀土永磁,-45.43,2026-05-14,↓ 净流出
电商概念,-46.69,2026-05-14,↓ 净流出
6G概念,-46.75,2026-05-14,↓ 净流出
柔性屏(折叠屏),-47.05,2026-05-14,↓ 净流出
2025三季报预增,-47.12,2026-05-14,↓ 净流出
软件开发,-47.57,2026-05-14,↓ 净流出
超超临界发电,-47.82,2026-05-14,↓ 净流出
网络游戏,-47.91,2026-05-14,↓ 净流出
昨日连板_含一字,-48.12,2026-05-14,↓ 净流出
虚拟电厂,-48.46,2026-05-14,↓ 净流出
中盘价值,-48.80,2026-05-14,↓ 净流出
昨日连板,-49.01,2026-05-14,↓ 净流出
贬值受益,-49.45,2026-05-14,↓ 净流出
湖北板块,-49.84,2026-05-14,↓ 净流出
电池化学品,-50.07,2026-05-14,↓ 净流出
光纤概念,-50.11,2026-05-14,↓ 净流出
小盘价值,-50.55,2026-05-14,↓ 净流出
中芯概念,-51.24,2026-05-14,↓ 净流出
反内卷概念,-51.55,2026-05-14,↓ 净流出
其他计算机设备,-51.77,2026-05-14,↓ 净流出
火力发电,-52.23,2026-05-14,↓ 净流出
次新股,-52.52,2026-05-14,↓ 净流出
安徽板块,-53.11,2026-05-14,↓ 净流出
动力电池回收,-53.36,2026-05-14,↓ 净流出
雄安新区,-53.48,2026-05-14,↓ 净流出
陕西板块,-53.70,2026-05-14,↓ 净流出
文娱消费,-55.47,2026-05-14,↓ 净流出
海洋经济,-55.74,2026-05-14,↓ 净流出
非银金融,-55.79,2026-05-14,↓ 净流出
宁组合,-56.31,2026-05-14,↓ 净流出
山东板块,-56.64,2026-05-14,↓ 净流出
基础化工,-57.90,2026-05-14,↓ 净流出
计算机设备,-57.99,2026-05-14,↓ 净流出
航天航空,-58.33,2026-05-14,↓ 净流出
四川板块,-58.57,2026-05-14,↓ 净流出
无线充电,-58.91,2026-05-14,↓ 净流出
电子烟,-59.07,2026-05-14,↓ 净流出
雅下水电概念,-59.78,2026-05-14,↓ 净流出
抽水蓄能,-59.93,2026-05-14,↓ 净流出
医疗器械概念,-61.53,2026-05-14,↓ 净流出
超清视频,-61.81,2026-05-14,↓ 净流出
AI芯片,-62.04,2026-05-14,↓ 净流出
医药生物,-63.02,2026-05-14,↓ 净流出
数字芯片设计,-63.63,2026-05-14,↓ 净流出
参股银行,-64.06,2026-05-14,↓ 净流出
小金属,-64.63,2026-05-14,↓ 净流出
互联医疗,-64.82,2026-05-14,↓ 净流出
转债标的,-64.91,2026-05-14,↓ 净流出
黄金概念,-64.98,2026-05-14,↓ 净流出
水利建设,-65.46,2026-05-14,↓ 净流出
数据安全,-65.59,2026-05-14,↓ 净流出
传媒,-66.30,2026-05-14,↓ 净流出
参股新三板,-66.40,2026-05-14,↓ 净流出
鸿蒙概念,-67.04,2026-05-14,↓ 净流出
智能家居,-67.79,2026-05-14,↓ 净流出
央视50_,-68.91,2026-05-14,↓ 净流出
在线教育,-68.94,2026-05-14,↓ 净流出
可控核聚变,-69.00,2026-05-14,↓ 净流出
智慧城市,-69.12,2026-05-14,↓ 净流出
网红经济,-69.70,2026-05-14,↓ 净流出
毫米波概念,-69.89,2026-05-14,↓ 净流出
大盘价值,-70.49,2026-05-14,↓ 净流出
参股券商,-70.86,2026-05-14,↓ 净流出
ChatGPT概念,-70.97,2026-05-14,↓ 净流出
IT服务Ⅲ,-71.29,2026-05-14,↓ 净流出
IT服务Ⅱ,-71.29,2026-05-14,↓ 净流出
无线耳机,-71.59,2026-05-14,↓ 净流出
边缘计算,-71.98,2026-05-14,↓ 净流出
消费电子,-72.36,2026-05-14,↓ 净流出
消费电子零部件及组装,-73.60,2026-05-14,↓ 净流出
数据要素,-74.12,2026-05-14,↓ 净流出
东数西算,-75.83,2026-05-14,↓ 净流出
破增发价股,-77.19,2026-05-14,↓ 净流出
燃料电池概念,-78.32,2026-05-14,↓ 净流出
虚拟数字人,-78.42,2026-05-14,↓ 净流出
AI智能体,-80.90,2026-05-14,↓ 净流出
新型工业化,-81.00,2026-05-14,↓ 净流出
公用事业,-81.87,2026-05-14,↓ 净流出
电力,-82.85,2026-05-14,↓ 净流出
股权激励,-83.60,2026-05-14,↓ 净流出
钠离子电池,-83.62,2026-05-14,↓ 净流出
2025年报预减,-86.02,2026-05-14,↓ 净流出
大飞机,-86.45,2026-05-14,↓ 净流出
智能穿戴,-86.55,2026-05-14,↓ 净流出
电池,-88.32,2026-05-14,↓ 净流出
锂矿概念,-88.73,2026-05-14,↓ 净流出
量子科技,-88.88,2026-05-14,↓ 净流出
电网设备,-89.44,2026-05-14,↓ 净流出
互联网金融,-89.49,2026-05-14,↓ 净流出
虚拟现实,-90.07,2026-05-14,↓ 净流出
福建板块,-90.09,2026-05-14,↓ 净流出
无人驾驶,-90.39,2026-05-14,↓ 净流出
光通信模块,-91.57,2026-05-14,↓ 净流出
机械设备,-93.63,2026-05-14,↓ 净流出
昨日首板,-93.77,2026-05-14,↓ 净流出
节能环保,-98.54,2026-05-14,↓ 净流出
数字经济,-100.00,2026-05-14,↓ 净流出
互联网服务,-101.05,2026-05-14,↓ 净流出
小米概念,-103.89,2026-05-14,↓ 净流出
存储芯片,-104.40,2026-05-14,↓ 净流出
智能电网,-105.23,2026-05-14,↓ 净流出
海工装备,-105.24,2026-05-14,↓ 净流出
北斗导航,-105.34,2026-05-14,↓ 净流出
特高压,-105.61,2026-05-14,↓ 净流出
元宇宙概念,-106.81,2026-05-14,↓ 净流出
茅指数,-106.85,2026-05-14,↓ 净流出
人形机器人,-107.61,2026-05-14,↓ 净流出
中字头,-108.41,2026-05-14,↓ 净流出
稀缺资源,-108.55,2026-05-14,↓ 净流出
AIGC概念,-110.19,2026-05-14,↓ 净流出
CPO概念,-110.38,2026-05-14,↓ 净流出
抖音概念(字节概念),-110.39,2026-05-14,↓ 净流出
中特估,-112.76,2026-05-14,↓ 净流出
阿里概念,-112.88,2026-05-14,↓ 净流出
上证50_,-113.27,2026-05-14,↓ 净流出
国产软件,-114.91,2026-05-14,↓ 净流出
基金重仓,-116.09,2026-05-14,↓ 净流出
半导体,-117.21,2026-05-14,↓ 净流出
工业互联,-121.07,2026-05-14,↓ 净流出
2026—季报预增,-122.20,2026-05-14,↓ 净流出
印制电路板,-122.84,2026-05-14,↓ 净流出
独角兽,-123.21,2026-05-14,↓ 净流出
绿色电力,-123.93,2026-05-14,↓ 净流出
消费电子概念,-124.26,2026-05-14,↓ 净流出
电网概念,-124.41,2026-05-14,↓ 净流出
2025年报扭亏,-125.68,2026-05-14,↓ 净流出
网络安全,-128.53,2026-05-14,↓ 净流出
卫星互联网,-129.28,2026-05-14,↓ 净流出
国防军工,-130.62,2026-05-14,↓ 净流出
创投,-131.09,2026-05-14,↓ 净流出
无人机,-131.94,2026-05-14,↓ 净流出
苹果概念,-132.31,2026-05-14,↓ 净流出
元件,-132.66,2026-05-14,↓ 净流出
OLED,-134.14,2026-05-14,↓ 净流出
AI应用,-135.02,2026-05-14,↓ 净流出
江苏板块,-135.72,2026-05-14,↓ 净流出
新能源,-137.80,2026-05-14,↓ 净流出
固态电池,-138.78,2026-05-14,↓ 净流出
英伟达概念,-141.92,2026-05-14,↓ 净流出
上海板块,-142.54,2026-05-14,↓ 净流出
QFII重仓,-148.06,2026-05-14,↓ 净流出
氢能源,-150.33,2026-05-14,↓ 净流出
百度概念,-152.59,2026-05-14,↓ 净流出
DeepSeek概念,-154.45,2026-05-14,↓ 净流出
车联网(车路云),-154.49,2026-05-14,↓ 净流出
核能核电,-155.26,2026-05-14,↓ 净流出
昨日涨停_含一字,-159.30,2026-05-14,↓ 净流出
昨日高换手,-160.08,2026-05-14,↓ 净流出
昨日涨停,-160.09,2026-05-14,↓ 净流出
云计算,-163.07,2026-05-14,↓ 净流出
浙江板块,-163.26,2026-05-14,↓ 净流出
小盘成长,-168.89,2026-05-14,↓ 净流出
光伏概念,-169.12,2026-05-14,↓ 净流出
信创,-169.95,2026-05-14,↓ 净流出
证金持股,-171.52,2026-05-14,↓ 净流出
有色金属,-171.65,2026-05-14,↓ 净流出
充电桩,-171.90,2026-05-14,↓ 净流出
PCB,-172.22,2026-05-14,↓ 净流出
液冷概念,-172.78,2026-05-14,↓ 净流出
低空经济,-173.55,2026-05-14,↓ 净流出
计算机,-176.86,2026-05-14,↓ 净流出
权重股,-179.36,2026-05-14,↓ 净流出
小金属概念,-180.20,2026-05-14,↓ 净流出
新材料,-180.35,2026-05-14,↓ 净流出
半导体概念,-182.53,2026-05-14,↓ 净流出
风能,-185.34,2026-05-14,↓ 净流出
长江三角,-188.67,2026-05-14,↓ 净流出
专精特新,-191.96,2026-05-14,↓ 净流出
军民融合,-192.99,2026-05-14,↓ 净流出
数据中心,-193.68,2026-05-14,↓ 净流出
最近多板,-197.35,2026-05-14,↓ 净流出
算力概念,-202.42,2026-05-14,↓ 净流出
历史新高,-208.24,2026-05-14,↓ 净流出
深圳特区,-210.70,2026-05-14,↓ 净流出
创业成份,-215.32,2026-05-14,↓ 净流出
行业龙头,-217.86,2026-05-14,↓ 净流出
特斯拉概念,-217.90,2026-05-14,↓ 净流出
上证380,-222.42,2026-05-14,↓ 净流出
一带一路,-222.47,2026-05-14,↓ 净流出
深证100R,-230.18,2026-05-14,↓ 净流出
物联网,-230.19,2026-05-14,↓ 净流出
区块链,-232.66,2026-05-14,↓ 净流出
北京板块,-235.72,2026-05-14,↓ 净流出
AH股,-237.74,2026-05-14,↓ 净流出
周期股,-243.88,2026-05-14,↓ 净流出
电力设备,-244.82,2026-05-14,↓ 净流出
储能概念,-246.68,2026-05-14,↓ 净流出
近期新高,-251.91,2026-05-14,↓ 净流出
西部大开发,-252.77,2026-05-14,↓ 净流出
中盘成长,-256.69,2026-05-14,↓ 净流出
军工,-266.72,2026-05-14,↓ 净流出
大数据,-271.97,2026-05-14,↓ 净流出
大盘成长,-274.56,2026-05-14,↓ 净流出
锂电池概念,-281.09,2026-05-14,↓ 净流出
上证180_,-282.78,2026-05-14,↓ 净流出
百日新高,-293.84,2026-05-14,↓ 净流出
国产芯片,-301.77,2026-05-14,↓ 净流出
商业航天,-311.17,2026-05-14,↓ 净流出
5G概念,-320.35,2026-05-14,↓ 净流出
电池技术,-324.16,2026-05-14,↓ 净流出
通信技术,-326.46,2026-05-14,↓ 净流出
新能源车,-338.70,2026-05-14,↓ 净流出
小盘股,-340.44,2026-05-14,↓ 净流出
广东板块,-350.80,2026-05-14,↓ 净流出
机器人概念,-356.11,2026-05-14,↓ 净流出
电子,-356.96,2026-05-14,↓ 净流出
机构重仓,-357.38,2026-05-14,↓ 净流出
百元股,-369.28,2026-05-14,↓ 净流出
人工智能,-372.56,2026-05-14,↓ 净流出
东方财富热股,-395.90,2026-05-14,↓ 净流出
2025年报预增,-408.24,2026-05-14,↓ 净流出
创业板综,-410.15,2026-05-14,↓ 净流出
华为概念,-420.02,2026-05-14,↓ 净流出
中盘股,-436.73,2026-05-14,↓ 净流出
中证500,-468.33,2026-05-14,↓ 净流出
HS300_,-525.07,2026-05-14,↓ 净流出
昨日高振幅,-532.88,2026-05-14,↓ 净流出
深成500,-569.06,2026-05-14,↓ 净流出
央国企改革,-635.60,2026-05-14,↓ 净流出
大盘股,-636.69,2026-05-14,↓ 净流出
沪股通,-676.05,2026-05-14,↓ 净流出
标准普尔,-771.04,2026-05-14,↓ 净流出
深股通,-883.24,2026-05-14,↓ 净流出
MSCI中国,-954.97,2026-05-14,↓ 净流出
富时罗素,-1024.79,2026-05-14,↓ 净流出
融资融券,-1612.77,2026-05-14,↓ 净流出
伊泰Ｂ股,0.00,2026-05-14,↓ 净流出
耀皮Ｂ股,0.00,2026-05-14,↓ 净流出
国新B股,0.00,2026-05-14,↓ 净流出
云赛Ｂ股,0.00,2026-05-14,↓ 净流出
百联Ｂ股,0.00,2026-05-14,↓ 净流出
华谊B股,0.00,2026-05-14,↓ 净流出
海控B股,0.00,2026-05-14,↓ 净流出
大名城B,-0.00,2026-05-14,↓ 净流出
汇丽B,-0.00,2026-05-14,↓ 净流出
氯碱Ｂ股,-0.00,2026-05-14,↓ 净流出
大众Ｂ股,-0.00,2026-05-14,↓ 净流出
机电Ｂ股,-0.00,2026-05-14,↓ 净流出
海欣Ｂ股,-0.00,2026-05-14,↓ 净流出
黄山Ｂ股,-0.00,2026-05-14,↓ 净流出
市北B股,-0.00,2026-05-14,↓ 净流出
华电B股,-0.00,2026-05-14,↓ 净流出
ST中路B,-0.00,2026-05-14,↓ 净流出
金煤B股,-0.00,2026-05-14,↓ 净流出
中毅达B,-0.00,2026-05-14,↓ 净流出
海立Ｂ股,-0.00,2026-05-14,↓ 净流出
宝信Ｂ,-0.00,2026-05-14,↓ 净流出
海科B,-0.00,2026-05-14,↓ 净流出
动力Ｂ股,-0.00,2026-05-14,↓ 净流出
凤凰B股,-0.00,2026-05-14,↓ 净流出
东信Ｂ股,-0.00,2026-05-14,↓ 净流出
陆家Ｂ股,-0.00,2026-05-14,↓ 净流出
振华Ｂ股,-0.00,2026-05-14,↓ 净流出
鄂资Ｂ股,-0.00,2026-05-14,↓ 净流出
